Villes/Villes,Ville 1,Ville 2,Ville 3,Ville 4,Ville 5,Ville 6,Ville 7,Ville 8,Ville 9,Ville 10,Ville 11,Ville 12,Ville 13,Ville 14,Ville 15,Ville 16,Ville 17,Ville 18,Ville 19,Ville 20,Ville 21,Ville 22,Ville 23,Ville 24,Ville 25,Ville 26,Ville 27,Ville 28,Ville 29,Ville 30,Ville 31,Ville 32,Ville 33,Ville 34,Ville 35,Ville 36,Ville 37,Ville 38,Ville 39,Ville 40,Ville 41,Ville 42,Ville 43,Ville 44,Ville 45,Ville 46,Ville 47,Ville 48,Ville 49,Ville 50,Ville 51,Ville 52,Ville 53,Ville 54,Ville 55,Ville 56,Ville 57,Ville 58,Ville 59,Ville 60,Ville 61,Ville 62,Ville 63,Ville 64,Ville 65,Ville 66,Ville 67,Ville 68,Ville 69,Ville 70,Ville 71,Ville 72,Ville 73,Ville 74,Ville 75,Ville 76,Ville 77,Ville 78,Ville 79,Ville 80,Ville 81,Ville 82,Ville 83,Ville 84,Ville 85,Ville 86
Ville 1,0.0,39.28,36.38,35.78,26.12,7.16,14.52,10.11,24.88,25.62,27.98,37.37,27.98,14.47,26.24,18.46,36.41,44.21,39.21,18.05,27.19,13.58,31.22,28.96,28.07,41.21,4.54,28.5,5.12,28.66,13.58,9.19,21.98,15.33,39.23,30.08,21.86,23.15,44.02,10.34,36.32,25.45,2.69,38.71,17.93,17.78,52.75,15.08,42.89,18.7,14.97,2.69,45.05,9.31,19.54,19.9,30.22,29.88,39.52,3.46,22.28,25.69,30.82,38.92,4.71,0.58,18.02,14.4,25.21,28.58,8.4,7.39,17.41,18.08,28.11,21.06,22.64,15.33,23.62,96.45,34.58,27.19,30.93,24.53,25.43,1.57
Ville 2,39.33,0.0,76.85,59.81,59.82,35.52,55.27,47.55,25.5,58.48,42.18,68.47,42.63,28.65,58.23,29.31,57.18,84.67,1.15,29.19,30.51,45.18,17.77,44.71,42.55,64.98,36.53,10.76,45.87,13.85,45.18,29.77,62.74,55.79,0.57,70.55,62.62,26.61,75.46,32.39,76.79,58.67,37.38,79.18,50.17,48.79,93.21,46.68,67.55,25.79,50.42,37.38,63.6,38.58,24.69,32.1,70.68,75.29,79.99,39.16,16.98,58.55,71.84,0.53,38.27,39.66,58.49,55.16,65.97,19.22,49.16,35.79,42.71,43.16,41.9,21.1,63.4,55.79,41.45,61.79,71.6,64.21,67.94,65.28,28.9,39.76
Ville 3,37.54,77.99,0.0,26.59,20.03,39.02,26.22,29.86,68.2,21.08,38.1,23.99,38.1,53.19,21.84,56.8,33.35,11.53,77.93,57.09,65.22,32.14,69.94,34.92,38.19,31.6,42.29,67.22,34.19,67.38,32.14,45.77,21.56,27.63,77.95,10.03,18.88,64.82,21.7,49.06,9.98,20.93,39.28,11.71,29.42,41.06,21.7,32.54,31.88,57.42,33.2,39.28,43.37,40.55,58.26,56.73,9.18,16.92,14.6,40.04,61.0,21.15,17.45,77.64,41.3,37.05,21.83,26.37,16.12,65.16,28.16,38.84,49.46,48.24,38.23,59.78,18.89,27.63,46.54,119.37,20.17,28.53,28.41,17.41,64.15,36.98
Ville 4,35.75,59.76,26.53,0.0,6.81,27.51,20.1,27.44,38.9,5.47,18.33,11.29,18.33,43.44,5.44,30.81,6.76,38.15,59.7,31.1,61.71,29.71,60.2,15.12,18.42,14.51,40.79,48.99,32.33,57.64,29.71,33.12,9.92,27.51,59.72,30.05,11.59,52.12,17.93,39.32,33.32,5.66,37.49,35.83,32.48,53.11,28.51,30.12,15.39,47.68,32.29,37.49,15.4,39.06,48.51,55.23,31.26,39.0,38.4,38.25,42.77,5.54,39.54,59.41,30.49,35.26,28.71,20.16,13.58,46.09,25.73,27.33,52.74,53.4,18.46,50.03,17.45,27.51,24.62,85.03,42.26,39.67,43.41,15.12,54.41,35.19
Ville 5,25.78,59.85,18.66,6.81,0.0,24.26,15.45,22.78,39.08,1.49,18.51,11.71,18.51,41.73,2.25,30.89,13.58,30.27,59.78,31.18,51.74,25.06,58.48,15.33,18.6,15.55,30.83,49.08,22.37,55.92,25.06,29.88,5.26,22.85,59.8,22.18,6.93,50.41,18.35,37.6,25.45,1.34,27.52,27.95,27.83,43.15,26.54,25.46,17.22,45.96,27.63,27.52,22.22,29.09,46.8,45.27,23.39,31.13,30.53,28.29,42.85,1.56,31.66,59.5,27.24,25.3,26.52,15.5,5.71,46.27,21.07,24.08,42.78,43.44,18.64,48.32,12.79,22.85,24.23,91.53,34.38,37.48,41.21,10.46,52.69,25.23
Ville 6,7.09,37.0,40.28,28.59,25.64,0.0,19.13,16.45,21.91,24.3,15.78,36.9,15.79,15.94,24.06,12.92,29.24,50.55,36.93,13.21,28.66,15.43,32.69,16.77,15.87,37.04,7.31,26.23,11.46,30.13,15.43,7.22,21.73,21.67,36.96,36.42,21.6,24.62,43.54,11.81,42.66,24.49,5.14,45.05,24.27,20.56,52.06,16.92,39.61,20.17,20.67,5.14,37.78,7.42,21.01,22.06,36.56,36.22,45.86,4.53,20.01,24.37,37.16,36.65,2.98,7.42,24.37,19.19,24.95,26.61,14.75,1.83,20.19,20.85,15.92,22.53,22.38,21.67,9.63,84.8,40.92,33.53,37.27,24.27,26.9,7.52
Ville 7,14.46,59.98,24.58,20.06,15.38,17.72,0.0,7.97,38.55,14.88,21.2,26.63,21.2,35.17,15.5,29.85,28.62,32.41,59.91,30.15,45.18,10.25,51.92,19.89,21.28,30.47,24.27,49.21,8.23,49.37,10.25,22.69,10.13,9.98,59.93,18.28,10.01,43.85,33.28,31.04,24.52,14.71,16.2,26.91,11.76,20.21,40.95,10.65,32.15,39.41,12.82,16.2,37.26,22.53,40.24,38.71,18.42,21.22,27.72,16.97,42.98,14.94,22.87,59.63,18.22,13.98,8.83,0.43,13.35,44.43,6.26,17.54,36.22,35.69,21.33,41.76,7.04,9.98,19.79,101.36,27.17,19.79,23.52,11.03,46.13,13.91
Ville 8,10.42,47.33,28.98,27.43,22.75,16.62,7.74,0.0,37.42,22.25,31.02,34.01,31.03,21.2,22.87,36.92,37.64,36.8,47.26,37.22,27.28,2.62,37.96,32.01,31.11,37.84,11.62,36.55,5.18,35.4,2.62,21.72,17.5,5.08,47.28,22.67,17.38,26.27,45.7,18.39,28.92,22.08,12.16,31.31,3.14,10.94,45.34,3.03,39.52,25.44,5.54,12.16,46.28,9.78,26.27,20.8,22.81,22.81,32.12,12.92,30.33,22.32,23.75,46.97,14.18,9.94,10.65,7.63,20.73,41.12,1.71,16.86,16.69,16.19,31.16,27.8,14.41,5.08,26.67,99.5,27.51,20.12,23.86,20.01,30.03,9.87
Ville 9,25.01,25.51,62.8,38.93,39.04,20.08,38.7,37.63,0.0,37.7,20.87,47.59,21.32,25.57,37.45,9.83,36.31,70.63,25.44,10.12,39.8,35.25,32.21,23.83,21.24,44.11,26.6,14.74,36.23,25.81,35.25,15.7,36.5,41.75,25.47,56.5,38.78,35.76,54.58,24.08,62.74,37.89,23.07,65.13,44.35,40.39,65.13,36.75,46.68,26.16,40.5,23.07,39.87,28.65,27.11,34.33,56.64,56.3,65.94,24.34,12.36,37.77,57.24,25.16,22.91,25.34,44.45,38.76,42.12,7.84,39.52,20.35,40.02,40.68,21.02,32.92,41.95,41.75,21.27,61.98,61.0,53.62,57.35,42.31,38.04,25.45
Ville 10,24.98,58.54,19.55,5.69,1.34,22.96,14.64,21.98,37.78,0.0,17.2,12.6,17.21,40.93,1.13,29.59,12.46,31.16,58.48,29.88,50.94,24.26,57.68,14.02,17.29,16.43,30.03,47.77,21.56,55.12,24.26,28.57,4.46,22.05,58.5,23.06,6.13,49.6,19.24,36.8,26.34,0.19,26.72,28.84,27.02,42.35,27.43,24.66,18.11,45.16,26.83,26.72,21.09,28.29,45.99,44.46,24.28,32.02,31.42,27.48,41.55,0.42,32.55,58.19,25.94,24.5,23.25,14.7,6.6,44.97,20.27,22.78,41.98,42.64,17.34,47.52,11.99,22.05,22.93,90.23,35.27,34.21,37.95,9.66,51.89,24.43
Ville 11,27.89,42.33,36.88,18.56,18.67,14.6,21.44,29.54,20.84,17.33,0.0,27.22,0.45,30.54,17.08,13.37,15.94,48.49,42.26,13.66,43.27,35.18,44.4,3.46,0.37,23.74,32.64,31.56,24.54,37.9,35.18,22.37,19.23,30.06,42.28,44.82,21.51,39.22,34.21,26.41,51.06,17.52,19.75,53.45,32.66,44.96,44.76,36.67,26.31,34.39,36.63,19.75,21.99,30.91,35.61,47.08,44.95,44.62,54.26,19.13,25.33,17.4,45.55,41.98,17.58,27.41,32.76,21.49,23.85,28.03,27.83,14.16,44.59,45.25,0.18,37.13,24.69,30.06,8.75,73.29,49.32,41.93,45.66,25.04,41.5,27.34
Ville 12,37.03,68.5,24.73,11.29,11.68,35.51,26.69,34.02,47.63,12.74,27.06,0.0,27.07,52.97,13.5,39.54,11.58,33.43,68.43,39.83,62.99,36.3,69.73,23.85,27.15,7.63,42.07,57.72,33.61,67.17,36.3,41.12,16.51,34.09,68.45,33.57,18.17,61.65,7.06,48.85,35.05,12.58,38.77,36.09,39.07,54.39,17.84,36.7,7.91,57.21,38.88,38.77,19.39,40.34,58.04,56.51,32.73,40.46,40.13,39.53,51.5,12.81,41.0,68.14,38.49,36.54,37.01,26.75,16.2,54.82,32.32,35.33,54.02,54.68,27.19,59.56,24.03,34.09,33.36,89.83,43.72,52.08,51.95,23.39,63.94,36.47
Ville 13,27.68,43.19,36.66,18.35,18.45,14.39,21.22,29.32,21.19,17.11,0.34,27.01,0.0,30.33,16.87,14.23,15.72,48.27,43.12,14.52,43.05,34.96,45.26,3.25,0.08,23.52,32.43,32.41,24.33,38.76,34.96,19.92,19.01,29.85,43.14,44.6,21.29,39.0,33.99,26.2,50.84,17.3,19.53,53.23,32.45,44.75,44.54,36.46,26.09,34.56,36.41,19.53,21.54,30.69,35.39,46.86,44.74,44.4,54.04,18.92,26.19,17.18,45.34,42.83,17.37,27.19,32.55,21.28,23.63,28.37,27.62,13.95,44.38,45.04,0.52,36.92,24.47,29.85,8.54,73.63,49.1,41.72,45.45,24.83,41.29,27.12
Ville 14,14.15,28.63,51.67,42.79,41.7,15.8,30.09,22.37,26.4,41.19,29.99,52.95,30.0,0.0,41.81,19.21,43.45,59.49,29.11,18.8,13.7,20.0,17.72,30.97,30.08,51.25,11.35,20.38,20.69,15.17,20.0,12.17,37.56,30.61,28.59,45.37,37.44,9.65,59.6,4.39,51.61,41.03,12.2,54.0,24.99,16.79,68.03,21.02,53.82,5.21,25.24,12.2,51.98,13.4,6.04,9.78,45.5,45.17,54.81,13.98,15.16,41.26,46.1,28.28,14.28,14.48,33.31,29.98,40.78,29.01,23.98,16.03,16.8,17.46,30.12,7.56,38.22,30.61,23.83,87.15,49.87,42.48,46.21,40.1,11.93,14.58
Ville 15,25.53,58.19,20.45,5.76,2.24,22.61,15.2,22.53,37.43,0.9,16.85,13.49,16.86,41.48,0.0,29.23,12.52,32.06,58.12,29.53,51.49,24.81,58.23,13.67,16.94,17.33,30.58,47.42,22.12,55.68,24.81,28.22,5.02,22.6,58.15,23.96,6.68,50.16,20.14,37.35,27.23,1.09,27.28,29.74,27.58,42.9,28.33,25.21,19.01,45.72,27.39,27.28,21.16,28.84,46.55,45.02,25.17,32.91,32.31,28.04,41.2,0.97,33.45,57.84,25.59,25.05,23.81,15.25,7.5,44.61,20.82,22.43,42.53,43.19,16.99,48.07,12.54,22.6,22.58,89.87,36.17,34.77,38.5,10.21,52.44,24.98
Ville 16,18.26,29.23,54.43,31.26,31.27,11.53,30.33,32.85,10.31,29.92,13.63,39.92,14.08,18.22,29.68,0.0,28.63,62.26,29.16,0.29,32.26,28.5,31.3,16.16,14.0,36.43,19.85,18.46,27.85,24.8,28.5,8.94,28.12,33.38,29.18,48.13,30.4,28.21,46.91,17.33,54.37,30.12,16.31,56.76,35.97,33.64,57.36,29.99,39.0,21.29,33.74,16.31,35.05,21.9,22.24,27.57,48.26,47.93,57.57,17.58,12.23,29.99,48.87,28.88,16.16,18.59,36.07,30.39,33.75,16.06,31.14,11.8,33.27,33.93,13.35,26.13,33.58,33.38,12.89,70.59,52.63,45.24,48.98,33.94,30.5,18.69
Ville 17,35.77,56.83,33.05,6.52,13.33,27.53,28.41,37.35,35.97,11.99,15.39,11.79,15.4,43.47,11.96,27.87,0.0,44.67,56.76,28.16,61.73,43.35,60.22,12.18,15.48,8.31,40.82,46.06,32.36,52.4,43.35,33.14,16.44,43.0,56.78,36.57,18.11,52.15,18.78,39.34,39.84,12.18,37.51,42.35,45.6,53.14,29.55,40.03,10.87,47.7,42.21,37.51,9.04,39.08,48.53,55.25,37.78,45.52,44.92,38.27,39.83,12.06,46.06,56.48,30.51,35.29,37.27,28.47,20.11,43.15,35.64,27.1,52.77,53.43,15.53,50.06,23.97,43.0,21.69,78.67,48.78,54.87,58.6,21.64,54.43,35.22
Ville 18,44.1,84.56,11.52,38.04,31.48,50.37,32.79,36.43,74.77,32.53,49.55,35.69,49.55,59.76,33.29,63.36,44.8,0.0,84.49,63.66,69.54,38.71,76.51,46.37,49.64,43.3,48.86,73.79,40.75,73.95,38.71,52.34,33.01,34.2,84.52,13.97,30.33,69.13,33.41,55.63,8.76,32.38,45.85,7.61,35.98,51.52,26.86,39.11,43.59,63.99,39.77,45.85,55.07,47.12,64.82,63.29,14.44,22.83,7.94,46.61,67.57,32.6,23.37,84.21,47.86,43.62,28.4,32.94,27.57,71.73,34.72,50.61,53.78,52.56,49.68,66.35,30.34,34.2,53.11,125.94,26.87,32.85,32.73,28.86,73.19,43.55
Ville 19,39.28,1.17,76.8,59.76,59.77,35.47,55.22,47.5,25.45,58.42,42.13,68.42,42.58,29.1,58.18,29.26,57.13,84.62,0.0,29.13,30.95,45.13,16.61,44.66,42.5,64.93,36.48,10.71,45.82,14.3,45.13,29.72,62.69,55.74,1.13,70.49,62.57,27.06,75.4,32.84,76.74,58.62,37.33,79.13,50.12,49.24,93.16,49.15,67.5,26.24,50.37,37.33,63.55,38.53,25.14,32.55,70.63,75.74,79.94,39.1,16.93,58.49,72.29,0.82,38.22,39.61,58.44,55.11,65.91,19.65,49.11,35.74,43.15,43.61,41.85,21.55,63.35,55.74,41.39,64.86,72.05,64.66,68.39,65.23,29.34,39.71
Ville 20,17.97,28.94,54.9,31.73,31.74,11.86,30.81,33.33,10.78,30.4,14.1,40.39,14.55,17.92,30.16,1.23,29.11,62.73,28.87,0.0,31.97,28.2,31.01,16.63,14.47,36.91,19.56,18.17,28.33,24.51,28.2,8.65,28.6,33.85,28.89,48.6,30.88,27.92,47.38,17.03,54.84,30.59,16.02,57.23,36.45,33.35,57.83,29.7,39.48,21.0,33.45,16.02,35.52,21.6,21.95,27.28,48.74,48.4,58.05,17.29,11.94,30.47,49.34,28.59,15.86,18.29,36.55,30.86,34.22,15.76,31.62,12.13,32.97,33.64,13.82,25.83,34.05,33.85,13.37,71.07,53.1,45.72,49.45,34.41,30.2,18.4
Ville 21,26.78,30.6,67.06,55.42,51.46,28.42,39.86,26.94,39.43,50.96,42.62,62.72,42.62,13.34,51.58,32.24,56.07,69.86,31.07,31.82,0.0,24.56,22.1,43.6,42.71,66.56,23.98,29.76,30.46,17.13,24.56,24.8,47.33,46.94,30.55,59.39,47.21,2.01,83.27,17.01,63.53,50.79,24.83,65.92,29.55,23.38,82.92,26.51,68.23,14.86,36.08,24.83,64.61,23.46,14.15,6.08,57.38,49.88,61.92,26.6,28.19,51.03,46.43,30.25,26.91,27.1,45.52,39.75,50.55,40.12,33.75,28.66,14.18,17.74,42.75,10.97,47.99,46.94,36.46,89.11,46.18,38.8,42.53,49.87,5.54,27.21
Ville 22,14.49,45.09,31.39,29.84,25.16,15.63,10.16,2.76,35.18,24.66,35.98,36.42,35.98,18.97,25.28,28.76,44.7,39.22,45.02,28.35,25.04,0.0,35.72,36.96,36.07,40.26,9.38,34.32,7.24,33.16,0.0,19.49,19.92,7.08,45.04,25.09,19.8,24.03,48.11,16.15,31.33,24.5,10.4,33.72,5.38,9.8,47.76,1.88,41.93,23.2,5.63,10.4,53.34,7.55,24.03,18.56,25.23,23.7,34.53,12.17,28.09,24.73,24.64,44.74,13.27,14.01,13.07,10.04,23.14,38.88,4.12,15.87,16.07,16.74,36.11,25.56,16.83,7.08,31.62,104.45,28.4,21.01,24.75,22.43,27.79,13.94
Ville 23,31.3,17.77,68.81,59.94,58.84,32.94,47.24,39.52,31.34,58.34,44.21,70.1,44.66,17.79,58.96,31.34,60.59,76.64,16.6,31.22,23.7,37.14,0.0,48.12,44.58,68.4,28.5,18.03,37.84,6.84,37.14,28.0,54.71,47.76,17.73,62.51,54.59,19.81,76.74,21.53,68.76,58.17,29.35,71.15,42.13,33.62,85.18,37.84,70.96,14.93,41.65,29.35,65.63,30.54,13.83,25.3,62.65,68.49,71.96,31.12,21.01,58.41,65.04,17.42,31.43,31.62,50.46,47.13,57.93,28.38,41.13,33.18,35.9,36.36,43.93,10.25,55.36,47.76,40.98,78.07,64.8,57.41,61.14,57.25,15.01,31.73
Ville 24,28.71,44.71,33.44,15.1,15.23,15.43,19.95,30.36,23.85,13.89,3.28,23.76,3.28,31.36,13.65,15.76,12.47,45.05,44.65,16.05,44.09,36.0,48.12,0.0,3.37,20.28,33.47,33.94,25.37,40.29,36.0,20.96,17.07,30.89,44.67,38.26,19.32,40.04,30.75,27.24,40.23,14.08,20.57,42.73,33.49,45.79,41.32,37.5,22.84,35.6,37.45,20.57,21.01,31.73,36.43,47.9,38.4,45.44,47.71,19.96,27.72,13.96,46.38,44.36,18.41,28.23,33.59,20.01,20.41,31.04,28.65,14.99,45.42,46.08,3.41,37.96,23.2,30.89,9.57,76.3,50.14,42.76,46.49,22.85,42.33,28.16
Ville 25,28.02,42.58,37.01,18.69,18.8,14.73,21.57,29.67,21.1,17.45,0.26,27.35,0.34,30.67,17.21,13.63,16.06,48.62,42.52,13.92,43.4,35.31,44.66,3.59,0.0,23.87,32.77,31.81,24.67,38.16,35.31,20.27,19.36,30.19,42.54,44.94,21.64,39.35,34.34,26.54,51.19,17.65,19.88,53.58,32.79,45.09,44.89,36.8,26.43,34.65,36.76,19.88,21.89,31.03,35.74,47.21,45.08,44.75,54.39,19.26,25.59,17.52,45.68,42.23,17.71,27.54,32.89,21.62,23.98,28.29,27.96,14.29,44.72,45.38,0.43,37.26,24.81,30.19,8.88,73.55,49.45,42.06,45.79,25.17,41.63,27.47
Ville 26,40.85,64.94,32.34,14.51,15.5,35.52,30.51,37.85,44.08,16.56,23.5,7.63,23.51,51.45,17.32,35.98,8.43,41.04,64.87,36.27,66.81,40.13,68.21,20.29,23.59,0.0,45.9,54.17,37.44,60.51,40.13,41.13,20.33,37.92,64.89,36.49,22.0,60.13,12.03,47.33,39.76,16.4,42.59,42.27,42.89,58.22,22.81,40.53,4.12,55.69,42.7,42.59,12.34,44.16,56.52,60.33,37.7,45.44,44.85,43.36,47.94,16.63,45.98,64.59,38.5,40.37,40.83,30.57,20.03,51.26,36.14,35.21,57.85,58.51,23.64,58.05,27.86,37.92,29.8,86.6,48.7,51.79,55.53,27.21,62.42,40.3
Ville 27,4.78,36.54,41.34,41.03,31.37,8.06,19.77,12.04,26.63,30.87,32.94,42.62,32.94,11.74,31.49,20.21,41.66,49.17,36.48,19.8,23.4,9.67,28.49,33.92,33.03,46.46,0.0,25.77,10.37,25.93,9.67,10.94,27.23,20.29,36.5,35.04,27.11,20.42,49.27,7.61,41.28,30.7,2.83,43.67,14.66,14.81,57.71,11.17,48.14,15.97,14.91,2.83,50.3,2.18,16.8,16.93,35.18,34.84,44.48,4.6,19.55,30.94,35.78,36.19,5.7,5.1,22.98,19.65,30.46,30.33,13.65,8.3,14.44,15.1,33.07,18.33,27.89,20.29,28.58,101.41,39.54,32.15,35.89,29.78,22.7,5.21
Ville 28,28.57,10.77,66.09,49.05,49.06,24.76,44.52,36.79,14.74,47.72,31.42,57.71,31.87,19.55,47.47,18.55,46.42,73.92,10.7,18.43,30.18,34.42,18.89,33.95,31.79,54.22,25.77,0.0,35.11,12.5,34.42,19.01,51.98,45.04,10.73,59.79,51.86,26.29,64.7,21.78,66.03,47.91,26.62,68.42,39.41,39.56,82.45,35.92,56.79,17.59,39.66,26.62,52.84,27.82,18.54,30.05,59.92,59.59,69.23,28.4,6.23,47.79,60.53,10.42,27.51,28.9,47.73,44.4,55.21,10.44,38.4,25.03,39.19,42.83,31.14,20.78,52.64,45.04,30.69,65.85,64.29,56.9,60.64,54.52,28.57,29.0
Ville 29,5.4,46.16,32.77,31.99,22.33,11.6,7.94,5.18,29.33,21.83,24.37,33.58,24.38,21.35,22.45,30.27,32.62,40.6,46.09,30.56,31.36,7.46,38.1,25.35,24.46,37.42,10.45,35.38,0.0,35.54,7.46,13.63,18.19,11.72,46.11,26.47,18.07,30.03,40.23,17.22,32.72,21.66,7.14,35.11,7.63,22.77,49.14,7.86,39.1,25.58,10.04,7.14,41.26,8.71,26.42,24.89,26.61,26.27,35.92,7.91,29.16,21.9,27.21,45.8,9.16,4.92,14.42,7.82,21.42,33.03,3.48,11.84,22.4,23.06,24.5,27.94,18.85,11.72,20.01,92.85,30.98,23.59,27.32,20.74,32.31,4.85
Ville 30,29.86,13.82,67.38,58.5,57.41,31.51,45.8,38.08,26.3,56.9,37.65,68.66,38.1,16.36,57.52,24.78,52.66,75.2,14.3,24.66,18.21,35.71,6.82,40.18,38.02,60.46,27.06,12.99,36.4,0.0,35.71,21.44,53.27,46.33,13.78,61.08,53.15,14.32,75.31,20.1,67.32,56.74,27.91,69.71,40.7,36.49,83.74,36.4,63.03,13.5,49.2,27.91,59.08,29.11,12.4,19.81,61.21,63.0,70.52,29.69,12.95,56.97,59.55,13.47,29.99,30.19,49.02,45.69,56.5,23.34,39.69,31.74,30.41,30.86,37.37,8.81,53.93,46.33,39.54,72.34,59.3,51.92,55.65,55.81,16.6,30.29
Ville 31,14.49,45.09,31.39,29.84,25.16,15.63,10.16,2.76,35.18,24.66,35.98,36.42,35.98,18.97,25.28,28.76,44.7,39.22,45.02,28.35,25.04,0.0,35.72,36.96,36.07,40.26,9.38,34.32,7.24,33.16,0.0,19.49,19.92,7.08,45.04,25.09,19.8,24.03,48.11,16.15,31.33,24.5,10.4,33.72,5.38,9.8,47.76,1.88,41.93,23.2,5.63,10.4,53.34,7.55,24.03,18.56,25.23,23.7,34.53,12.17,28.09,24.73,24.64,44.74,13.27,14.01,13.07,10.04,23.14,38.88,4.12,15.87,16.07,16.74,36.11,25.56,16.83,7.08,31.62,104.45,28.4,21.01,24.75,22.43,27.79,13.94
Ville 32,9.32,29.78,44.95,32.99,30.05,5.96,23.08,21.93,15.69,28.7,22.14,41.3,20.19,12.4,28.46,9.27,33.64,52.77,29.72,8.86,25.24,19.56,28.06,21.17,20.28,41.45,10.91,19.01,13.68,21.55,19.56,0.0,26.13,23.89,29.74,38.65,26.01,21.19,47.95,8.39,44.89,28.9,7.37,47.28,26.49,24.7,61.31,21.05,44.01,15.21,24.8,7.37,42.18,12.96,16.16,18.63,38.78,38.45,48.09,8.64,12.79,28.77,39.38,29.43,7.22,9.65,26.59,22.97,29.35,19.39,16.97,6.23,24.33,24.99,21.86,19.1,26.79,23.89,14.03,77.44,43.15,35.76,39.49,28.67,23.48,9.75
Ville 33,21.58,62.34,21.24,9.93,5.25,20.21,10.18,17.52,36.38,4.74,19.02,16.5,19.02,37.53,5.37,27.68,16.69,32.86,62.27,27.97,47.54,19.79,54.28,17.09,19.11,20.34,26.63,51.57,18.17,51.72,19.79,25.82,0.0,17.59,62.29,22.41,2.57,46.21,23.15,33.4,28.03,4.58,23.32,30.54,22.56,38.95,33.02,20.2,22.02,41.76,22.37,23.32,25.33,24.89,42.6,41.07,25.97,25.35,33.11,24.09,45.34,4.81,27.0,61.98,23.19,21.1,18.79,10.24,5.91,42.26,15.81,20.03,38.58,39.24,19.15,44.12,7.53,17.59,18.26,94.95,29.72,29.75,33.49,6.1,48.49,21.03
Ville 34,15.43,55.89,26.43,27.37,22.69,21.7,7.68,5.19,46.1,22.18,28.8,33.94,28.8,31.09,22.8,34.7,42.25,34.26,55.83,34.99,44.63,6.9,47.84,29.78,28.89,37.78,20.19,45.12,12.09,45.28,6.9,23.67,17.44,0.0,55.85,20.13,17.32,39.77,43.15,26.96,26.37,22.02,17.18,28.76,1.98,14.02,42.8,6.86,39.46,35.32,6.64,17.18,50.79,18.45,36.15,34.62,20.27,16.59,29.57,17.94,38.9,22.25,17.52,55.54,19.19,14.95,6.81,7.57,20.66,43.06,6.29,21.94,19.77,27.65,28.93,37.68,14.35,0.0,24.44,97.27,21.29,13.9,17.63,17.57,42.05,14.88
Ville 35,39.3,0.35,76.82,59.78,59.79,35.49,55.25,47.52,25.47,58.45,42.15,68.44,42.6,28.62,58.2,29.28,57.15,84.65,1.13,29.16,30.48,45.15,17.74,44.68,42.52,64.96,36.5,10.73,45.85,13.82,45.15,29.75,62.71,55.77,0.0,70.52,62.59,26.58,75.43,32.36,76.76,58.64,37.35,79.15,50.14,48.76,93.19,46.65,67.52,25.76,50.39,37.35,63.57,38.55,24.66,32.07,70.66,75.26,79.96,39.13,16.96,58.52,71.82,0.31,38.24,39.63,58.46,55.13,65.94,19.41,49.13,35.76,42.68,43.13,41.87,21.08,63.37,55.77,41.42,62.31,71.57,64.18,67.91,65.26,28.87,39.73
Ville 36,30.0,70.46,9.25,30.01,23.45,36.26,18.69,22.33,60.66,24.5,43.36,31.47,43.37,45.65,25.26,49.26,36.77,14.01,70.39,49.55,58.81,24.6,62.4,44.34,43.45,36.45,34.75,59.69,26.65,59.85,24.6,38.23,22.52,20.09,70.41,0.0,19.84,54.33,29.18,41.52,6.01,24.35,31.74,8.51,21.88,33.52,29.19,25.01,38.13,49.89,25.66,31.74,45.41,33.01,50.72,49.19,1.53,10.51,11.09,32.5,53.46,24.57,11.05,70.11,33.76,29.52,14.3,18.84,19.54,57.62,20.62,36.5,43.05,41.83,43.49,52.24,17.26,20.09,39.0,111.84,13.77,22.12,22.0,16.62,56.61,29.45
Ville 37,21.51,62.27,18.68,11.59,6.91,20.14,10.11,17.45,38.51,6.41,21.15,18.17,21.15,37.46,7.03,29.81,18.36,30.29,62.2,30.1,47.47,19.72,54.21,19.36,21.24,22.0,26.56,51.49,18.1,51.65,19.72,25.75,2.69,17.52,62.22,19.84,0.0,46.14,26.33,33.33,25.46,6.24,23.25,27.97,22.49,38.88,30.46,20.13,23.68,41.69,22.3,23.25,26.99,24.82,42.53,41.0,23.4,22.78,30.55,24.02,45.27,6.48,24.43,61.91,23.12,21.03,18.2,10.17,3.34,44.39,15.74,19.96,38.51,39.17,21.28,44.05,6.61,17.52,20.39,97.08,27.15,29.16,32.89,3.53,48.42,20.96
Ville 38,23.04,26.92,60.56,51.69,50.59,24.69,38.99,26.33,35.7,50.09,38.88,61.85,38.89,9.61,50.71,28.5,52.34,68.39,27.4,28.09,2.36,23.96,18.42,39.87,38.97,60.14,20.24,26.08,29.59,13.45,23.96,21.07,46.46,39.51,26.87,54.26,46.33,0.0,68.49,13.28,60.5,49.92,21.09,62.89,28.95,18.69,76.93,25.9,62.71,11.12,37.77,21.09,60.88,22.29,10.47,5.47,54.4,51.56,63.6,22.87,24.46,50.16,48.12,26.57,23.17,23.37,47.2,38.87,49.68,36.44,32.88,24.93,13.57,14.24,39.02,7.29,47.11,39.51,32.73,85.44,47.87,40.48,44.21,49.0,4.02,23.47
Ville 39,43.67,75.48,22.47,17.93,18.32,42.15,33.34,44.65,54.62,19.38,34.05,7.06,34.05,59.62,20.14,46.53,18.57,31.19,75.42,46.82,82.18,46.93,76.37,30.84,34.14,12.03,48.72,64.71,40.26,73.81,46.93,47.77,23.15,42.42,75.44,31.31,26.33,68.3,0.0,55.49,32.79,19.23,45.41,33.83,44.2,55.85,10.78,47.33,11.91,63.85,47.98,45.41,23.4,46.98,64.69,63.16,30.47,38.2,37.87,46.18,58.49,19.45,38.74,75.13,45.13,43.19,36.62,33.39,22.85,61.81,42.94,41.97,60.67,65.2,34.18,66.21,28.56,42.42,40.34,100.46,41.46,49.82,49.69,24.87,70.58,43.12
Ville 40,10.35,32.39,47.87,39.0,37.9,12.0,26.3,18.57,24.07,37.4,26.19,49.15,26.2,4.73,38.02,17.65,39.65,55.7,32.87,17.23,17.46,16.2,21.49,27.18,26.28,47.45,7.55,21.73,16.9,18.93,16.2,8.37,33.76,26.82,32.35,41.57,33.64,13.41,55.8,0.0,47.81,37.23,8.4,50.2,21.19,17.85,64.24,17.66,50.02,8.97,21.44,8.4,48.19,9.6,9.8,10.74,41.71,41.37,51.01,10.18,16.51,37.47,42.31,32.04,10.48,10.68,29.51,26.18,36.99,27.77,20.18,12.24,17.48,18.14,26.33,11.32,34.42,26.82,20.04,90.91,46.07,38.68,42.42,36.31,15.7,10.78
Ville 41,36.27,76.72,9.75,33.24,26.67,42.53,24.95,28.59,66.93,27.73,49.63,34.7,49.63,51.92,28.49,55.53,40.0,8.65,76.66,55.82,63.3,30.87,68.67,41.57,49.72,39.68,41.02,65.95,32.92,66.11,30.87,44.5,28.21,26.36,76.68,6.01,25.53,62.89,32.41,47.79,0.0,27.58,38.01,3.15,28.15,39.79,32.41,31.27,41.36,56.15,31.93,38.01,48.64,39.28,56.99,55.46,6.6,14.99,6.23,38.77,59.73,27.8,15.53,76.37,40.03,35.78,20.56,25.1,22.77,63.89,26.89,42.77,47.53,46.31,49.76,58.51,22.61,26.36,45.27,118.1,18.25,26.6,26.48,24.06,62.88,35.71
Ville 42,25.04,58.53,19.61,5.5,1.41,22.95,14.71,22.04,37.77,0.16,17.19,12.66,17.2,40.99,0.94,29.58,12.27,31.23,58.47,29.87,51.0,24.32,57.74,14.01,17.28,16.5,30.09,47.76,21.63,55.18,24.32,28.56,4.52,22.11,58.49,23.13,6.19,49.67,19.31,36.86,26.4,0.0,26.78,28.91,27.09,42.41,27.5,24.72,18.18,45.23,26.89,26.78,20.9,28.35,46.06,44.53,24.34,32.08,31.48,27.55,41.54,0.23,32.62,58.18,25.93,24.56,23.32,14.76,6.66,44.96,20.33,22.77,42.04,42.7,17.33,47.58,12.05,22.11,22.92,90.22,35.34,34.28,38.01,9.72,51.95,24.49
Ville 43,2.78,36.92,38.41,37.81,28.15,5.66,16.55,12.15,23.38,27.65,19.85,39.41,19.86,12.11,28.27,16.96,38.45,46.24,36.85,16.55,24.84,10.3,28.87,20.84,19.94,43.24,2.19,26.15,7.15,26.31,10.3,7.69,24.02,17.36,36.88,32.11,23.9,20.79,46.05,7.99,38.36,27.48,0.0,40.74,19.96,15.43,54.78,11.79,44.92,16.35,15.54,0.0,47.08,2.29,17.18,17.55,32.25,31.91,41.56,2.39,19.92,27.72,32.85,36.57,3.3,3.11,20.06,16.44,27.24,27.08,10.44,5.9,15.06,15.72,19.99,18.7,24.67,17.36,13.7,88.86,36.61,29.23,32.96,26.56,23.08,3.21
Ville 44,39.07,79.53,11.71,36.17,29.61,45.34,27.76,31.4,69.74,30.66,52.43,35.89,52.44,54.72,31.42,58.33,42.93,7.61,79.46,58.63,66.1,33.68,71.48,44.5,52.52,42.61,43.83,68.76,35.72,68.92,33.68,47.31,31.14,29.17,79.49,8.94,28.46,65.7,33.6,50.6,3.73,30.51,40.82,0.0,30.95,42.6,33.6,34.08,43.78,58.96,34.74,40.82,51.57,42.09,59.79,58.26,9.41,17.8,3.7,41.58,62.54,30.73,18.33,79.18,42.83,38.59,23.37,27.91,25.7,66.7,29.69,45.58,50.34,49.12,52.57,61.32,25.54,29.17,48.08,120.91,21.05,29.41,29.29,26.99,65.69,38.52
Ville 45,19.19,49.84,28.29,29.23,24.55,19.07,9.54,3.24,49.86,24.04,32.55,35.8,32.56,23.72,24.66,38.45,46.01,36.12,49.77,38.74,29.79,5.14,40.47,33.54,32.64,39.64,14.14,39.07,7.63,37.92,5.14,24.24,19.3,1.98,49.8,21.99,19.18,28.79,45.01,20.91,28.23,23.88,20.93,30.62,0.0,12.26,44.66,5.1,41.32,27.96,4.88,20.93,54.55,12.3,28.79,23.32,22.13,19.25,31.43,21.7,32.85,24.11,20.19,49.49,22.95,18.71,10.11,9.43,22.52,43.63,4.16,19.3,18.01,17.51,32.69,30.31,16.21,1.98,28.19,101.03,23.95,16.57,20.3,19.43,32.55,18.64
Ville 46,17.38,47.49,49.06,52.76,43.09,20.67,18.43,11.04,40.22,42.59,44.66,54.35,44.67,16.82,43.21,33.8,53.39,51.86,47.97,33.39,22.57,9.84,39.0,45.65,44.75,58.19,14.43,39.36,22.09,34.03,9.84,24.53,38.96,14.81,47.45,41.39,38.84,18.29,56.39,17.49,45.53,42.43,15.43,47.92,13.11,0.0,56.03,8.02,59.86,21.06,11.83,15.43,62.03,15.09,21.89,13.72,39.38,31.88,43.92,17.2,33.14,42.66,28.43,47.14,18.3,17.71,27.52,18.32,42.18,43.92,12.4,20.9,4.1,4.27,44.8,23.41,25.1,14.81,40.3,106.01,28.18,20.8,24.53,30.7,26.21,17.81
Ville 47,52.64,93.1,22.97,28.44,26.42,50.61,41.33,44.97,65.07,27.48,44.5,17.78,44.5,68.29,28.24,56.88,29.29,26.66,93.03,57.17,82.51,47.25,85.05,41.32,44.59,22.75,57.4,82.33,49.29,82.49,47.25,60.88,33.16,42.74,93.06,31.81,30.47,76.97,10.72,64.17,33.29,27.33,54.39,34.33,44.52,56.17,0.0,47.65,22.63,72.53,48.31,54.39,34.11,55.66,73.36,71.83,30.96,38.7,38.37,55.15,76.11,27.55,39.24,92.75,56.4,52.16,36.94,41.48,27.72,72.26,43.26,50.43,66.74,65.52,44.63,74.89,32.97,42.74,50.22,111.18,41.96,50.32,50.19,29.01,79.26,52.09
Ville 48,15.93,46.52,31.65,30.1,25.42,17.07,10.42,3.02,36.61,24.92,33.7,36.68,33.7,21.0,25.54,30.19,39.96,39.48,49.14,29.78,27.07,1.82,37.75,34.68,33.79,40.52,10.82,35.75,7.5,35.2,1.82,20.92,20.18,7.02,46.48,25.35,20.06,26.07,48.37,17.63,31.59,24.75,11.83,33.98,5.31,7.92,48.02,0.0,42.19,25.24,4.03,11.83,48.6,8.98,26.07,20.6,25.49,22.78,34.79,13.61,29.53,24.99,23.71,46.17,14.71,15.45,13.63,10.3,23.4,40.31,4.38,17.3,13.66,13.17,33.83,27.59,17.09,7.02,29.34,102.17,26.02,18.64,22.37,22.69,29.83,15.38
Ville 49,42.53,67.2,32.79,16.77,17.19,37.78,32.2,39.53,46.34,18.25,25.76,8.07,25.77,53.72,19.01,38.24,10.69,41.48,67.13,38.53,68.5,41.81,70.47,22.55,25.85,4.13,47.58,56.43,39.12,62.78,41.81,43.39,22.02,39.6,67.15,38.18,23.68,62.39,12.08,49.59,41.45,18.09,44.28,43.95,44.58,59.9,22.86,42.21,0.0,57.95,44.39,44.28,11.49,45.85,58.78,62.02,40.78,48.52,46.53,45.04,50.2,18.32,49.06,66.85,40.76,42.05,42.52,32.25,21.71,53.53,37.82,37.47,59.53,60.19,25.9,60.31,29.54,39.6,32.06,88.55,51.78,53.48,57.21,28.9,64.68,41.98
Ville 50,18.76,25.71,56.28,47.4,46.3,20.4,34.7,26.98,26.17,45.8,34.26,57.56,34.6,5.26,46.42,21.4,48.06,64.1,26.19,21.27,15.2,24.61,14.8,35.58,34.63,55.86,15.96,17.57,25.3,12.25,24.61,15.22,42.17,35.22,25.67,49.97,42.05,11.16,64.2,8.99,56.22,45.63,16.81,58.61,29.6,21.08,72.64,25.3,58.43,0.0,29.12,16.81,56.59,18.01,1.21,12.68,50.11,49.78,59.42,18.58,14.93,45.87,50.71,25.36,18.89,19.08,37.92,34.59,45.39,28.78,28.59,20.64,21.09,21.75,33.98,4.64,42.83,35.22,28.44,84.23,54.48,47.09,50.82,44.71,13.44,19.19
Ville 51,15.26,50.51,32.03,32.28,27.6,20.83,12.59,5.24,40.37,27.09,36.61,38.85,36.61,22.85,27.71,33.95,42.49,39.86,50.99,33.54,35.39,5.58,39.6,37.59,36.7,42.69,14.58,39.51,10.03,37.04,5.58,24.68,22.35,6.69,50.46,25.73,22.23,27.91,48.75,19.48,31.97,26.93,15.59,34.36,4.98,8.83,48.4,4.15,44.37,27.08,0.0,15.59,51.12,12.74,27.91,22.44,25.87,20.14,35.17,17.37,33.29,27.16,21.08,50.16,18.47,14.78,10.99,12.48,25.57,44.07,6.56,21.07,14.58,14.08,36.74,29.44,19.26,6.69,32.25,105.08,23.39,16.0,19.73,26.5,31.68,14.71
Ville 52,2.78,36.92,38.41,37.81,28.15,5.66,16.55,12.15,23.38,27.65,19.85,39.41,19.86,12.11,28.27,16.96,38.45,46.24,36.85,16.55,24.84,10.3,28.87,20.84,19.94,43.24,2.19,26.15,7.15,26.31,10.3,7.69,24.02,17.36,36.88,32.11,23.9,20.79,46.05,7.99,38.36,27.48,0.0,40.74,19.96,15.43,54.78,11.79,44.92,16.35,15.54,0.0,47.08,2.29,17.18,17.55,32.25,31.91,41.56,2.39,19.92,27.72,32.85,36.57,3.3,3.11,20.06,16.44,27.24,27.08,10.44,5.9,15.06,15.72,19.99,18.7,24.67,17.36,13.7,88.86,36.61,29.23,32.96,26.56,23.08,3.21
Ville 53,44.6,63.6,41.88,15.35,22.16,36.36,37.24,46.18,40.24,20.82,21.92,19.37,21.58,52.3,20.79,34.64,9.15,53.5,63.53,34.93,70.56,52.18,65.67,21.01,21.67,12.34,49.65,52.83,41.19,59.17,52.18,41.97,25.27,51.83,63.55,45.4,26.94,60.98,23.38,48.17,48.67,21.01,46.34,51.18,54.43,61.97,34.15,48.86,11.79,56.53,51.04,46.34,0.0,47.91,57.37,64.08,46.61,54.35,53.75,47.1,46.6,20.89,54.89,63.25,39.34,44.12,46.1,37.3,28.94,47.92,44.47,35.93,61.6,62.26,22.3,58.89,32.8,51.83,30.52,74.38,57.61,63.7,67.43,30.47,63.26,44.05
Ville 54,5.28,38.53,39.86,39.55,29.89,8.57,18.29,9.86,28.62,29.39,31.46,41.15,31.47,13.73,30.01,22.21,40.19,47.69,38.47,21.79,24.55,7.48,30.48,32.44,31.55,44.98,2.24,27.76,8.89,27.92,7.48,12.93,25.76,18.81,38.49,33.56,25.64,22.41,47.79,9.6,39.81,29.22,3.33,42.19,12.47,15.96,56.23,8.98,46.66,17.96,12.73,3.33,48.82,0.0,18.79,18.08,33.7,33.36,43.01,5.11,21.54,29.46,34.3,38.18,6.21,9.5,21.51,18.18,28.98,32.33,12.18,8.81,15.59,16.25,31.59,20.32,26.41,18.81,27.1,99.94,38.06,30.68,34.41,28.3,24.69,9.42
Ville 55,19.55,24.61,57.07,48.2,47.1,21.2,35.5,27.77,27.12,46.6,35.39,58.35,35.4,6.05,47.22,22.35,48.85,64.9,25.09,22.22,15.56,25.4,13.71,36.38,35.48,56.65,16.75,18.52,26.1,11.15,25.4,16.17,42.96,36.02,24.57,50.77,42.84,11.67,65.0,9.79,57.01,46.43,17.6,59.4,30.39,21.87,73.44,26.1,59.22,1.21,29.91,17.6,57.39,18.8,0.0,13.47,50.91,50.57,60.21,19.38,15.88,46.67,51.51,24.26,19.68,19.88,38.71,35.38,46.19,29.73,29.38,21.43,21.88,22.54,35.53,3.54,43.62,36.02,29.24,83.13,55.27,47.88,51.62,45.51,11.6,19.98
Ville 56,19.85,31.74,55.54,55.23,45.57,22.28,33.96,21.04,34.35,45.06,47.14,56.82,47.14,9.82,45.69,27.93,55.86,63.37,32.22,27.52,6.56,18.67,23.25,48.12,47.23,60.66,16.9,30.91,24.56,18.28,18.67,18.66,41.43,34.49,31.7,49.24,41.31,5.55,63.47,10.77,55.48,44.9,17.9,57.87,23.66,16.38,71.9,20.61,62.34,12.82,24.42,17.9,64.5,17.56,13.63,0.0,49.37,49.04,58.68,19.68,24.89,45.13,39.41,31.39,20.76,20.18,37.18,33.85,44.66,38.05,27.85,22.52,9.03,9.69,47.27,12.12,42.09,34.49,42.78,90.26,39.16,31.77,35.5,43.97,10.41,20.28
Ville 57,30.02,70.48,12.77,33.79,27.22,36.29,18.71,22.35,60.68,28.28,43.38,35.0,43.39,45.67,29.04,49.28,40.55,14.39,70.41,49.57,56.93,24.63,62.42,44.36,43.47,40.23,34.77,59.71,26.67,59.87,24.63,38.25,22.72,20.11,70.43,1.52,20.03,56.52,32.71,41.54,6.5,28.13,31.76,8.89,21.9,33.54,32.71,25.03,42.89,49.91,25.68,31.76,49.19,33.03,50.74,49.21,0.0,8.63,12.4,32.52,53.48,28.35,9.16,70.13,33.78,29.54,14.32,18.86,23.32,57.65,20.64,36.52,41.17,39.95,43.51,52.26,17.46,20.11,39.02,111.86,11.88,20.24,20.11,16.82,56.63,29.47
Ville 58,29.4,74.78,18.35,39.36,32.8,35.66,21.38,22.73,60.06,33.85,42.76,40.57,42.77,45.05,29.56,48.66,46.12,22.71,75.26,48.95,49.86,23.21,66.29,43.74,42.85,45.8,34.15,59.09,26.05,61.32,23.21,37.63,25.22,16.32,74.74,10.68,22.53,49.45,38.28,40.92,14.82,33.7,31.14,17.21,18.98,31.83,38.28,23.17,48.46,49.29,20.07,31.14,54.76,32.41,50.12,48.59,8.67,0.0,18.02,31.9,52.86,33.92,1.9,74.43,33.16,28.92,12.38,21.53,22.82,57.02,21.02,35.9,34.09,32.88,42.89,51.64,19.96,16.32,38.4,111.24,4.06,13.17,13.04,19.32,53.5,28.85
Ville 59,39.38,79.84,14.67,38.31,31.74,45.65,28.07,31.71,70.05,32.8,52.75,39.77,52.75,55.03,33.56,58.64,45.07,7.94,79.77,58.94,61.6,33.99,71.79,53.73,52.84,44.75,44.14,69.07,36.03,73.06,33.99,47.62,33.28,29.48,79.8,11.08,30.59,61.19,37.48,50.91,6.14,32.64,41.13,3.4,31.26,43.58,37.48,34.39,46.43,59.27,35.05,41.13,53.71,42.4,60.1,58.57,11.91,18.11,0.0,41.89,62.85,32.87,18.65,79.49,43.14,38.9,23.68,28.22,27.84,67.01,30.0,45.89,45.84,44.62,52.88,61.63,28.28,29.48,48.39,121.22,18.93,24.91,24.79,27.64,65.25,38.83
Ville 60,4.2,38.33,39.83,31.72,29.57,4.72,17.96,13.56,22.93,29.06,18.92,40.82,18.92,14.41,27.19,16.51,32.38,47.65,38.26,16.1,27.13,12.59,31.16,19.9,19.01,40.18,4.48,27.56,8.56,28.6,12.59,7.24,25.43,18.77,38.29,33.53,25.31,23.09,47.47,10.28,39.77,28.9,2.31,42.16,21.37,17.72,56.19,14.09,42.75,18.64,17.84,2.31,40.91,4.58,19.47,19.84,33.66,33.33,42.97,0.0,21.34,29.13,34.26,37.98,1.83,4.53,21.47,17.85,28.66,26.63,11.85,4.96,17.35,18.01,19.05,21.0,26.09,18.77,12.76,87.93,38.03,30.64,34.37,27.97,25.37,4.63
Ville 61,22.35,17.0,59.86,42.82,42.83,18.53,38.29,30.57,12.36,41.49,25.19,51.48,25.64,14.34,41.25,12.33,40.2,67.69,16.93,12.2,28.57,28.19,19.48,27.72,25.57,48.0,19.55,6.23,28.89,13.06,28.19,12.79,45.76,38.81,16.95,53.56,45.64,24.52,58.47,16.56,59.81,41.68,20.4,62.19,33.18,33.33,76.23,29.69,50.57,14.92,33.44,20.4,46.62,21.59,15.87,24.83,53.7,53.36,63.01,22.17,0.0,41.56,54.3,16.65,21.29,22.67,41.51,38.18,48.98,13.85,32.18,18.8,32.96,33.63,24.91,21.68,46.41,38.81,24.46,72.07,58.06,50.68,54.41,48.3,26.8,22.78
Ville 62,25.2,58.51,19.77,5.48,1.56,22.93,14.86,22.19,37.75,0.22,17.17,12.82,17.18,41.14,0.92,29.55,12.24,31.38,58.44,29.85,51.16,24.47,57.9,13.99,17.26,16.65,30.24,47.74,21.78,55.34,24.47,28.54,4.68,22.26,58.47,23.28,6.34,49.82,19.46,37.02,26.55,0.41,26.94,29.06,27.24,42.56,27.65,24.87,18.33,45.38,27.05,26.94,20.88,28.51,46.21,44.68,24.5,32.23,31.64,27.7,41.52,0.0,32.77,58.16,25.91,24.71,23.47,14.92,6.82,44.93,20.49,22.75,42.19,42.85,17.31,47.73,12.2,22.26,22.9,90.19,35.49,34.43,38.16,9.87,52.11,24.64
Ville 63,30.5,71.13,19.08,40.09,33.53,36.76,22.73,23.83,61.16,34.59,43.86,41.3,43.86,46.15,35.35,49.76,46.86,23.44,71.61,50.05,46.2,24.31,62.63,44.84,43.95,46.54,35.25,60.18,27.15,57.66,24.31,38.73,26.57,17.42,71.08,11.42,23.88,45.8,39.01,42.02,15.56,34.43,32.24,17.94,20.08,28.18,39.02,24.27,49.19,50.38,21.17,32.24,55.49,33.51,51.21,38.92,9.4,1.35,18.76,33.0,53.96,34.66,0.0,70.78,34.26,30.01,13.73,22.88,29.62,58.12,22.12,37.0,30.44,29.22,43.99,51.5,21.31,17.42,39.5,112.33,2.16,9.51,13.24,20.67,49.85,29.94
Ville 64,39.0,0.35,76.51,59.47,59.48,35.18,54.94,47.22,25.17,58.14,41.84,68.13,42.29,28.32,57.9,28.98,56.85,84.34,0.82,28.85,30.17,44.84,17.43,44.37,42.21,64.65,36.2,10.42,45.54,13.51,44.84,29.44,62.41,55.46,0.31,70.21,62.29,26.28,75.12,32.06,76.46,58.33,37.05,78.84,49.83,48.45,92.88,46.34,67.22,25.46,50.09,37.05,63.27,38.24,24.36,31.77,70.35,74.95,79.66,38.82,16.65,58.21,71.51,0.0,37.94,39.32,58.16,54.83,65.63,19.2,48.83,35.45,42.37,42.82,41.56,20.77,63.06,55.46,41.11,62.05,71.26,63.88,67.61,64.95,28.56,39.43
Ville 65,5.16,38.13,40.79,30.18,27.24,3.18,18.93,14.53,22.73,25.89,17.38,38.49,17.38,14.47,25.65,16.32,30.83,48.62,38.07,15.9,27.2,13.49,31.22,18.36,17.47,38.64,5.38,27.36,9.53,28.67,13.49,7.04,23.32,19.74,38.09,34.49,23.2,23.15,45.14,10.34,40.73,26.08,3.21,43.12,22.34,18.62,57.16,14.99,41.2,18.71,18.74,3.21,39.37,5.48,19.54,20.59,34.63,34.29,43.93,1.92,21.14,25.96,35.23,37.78,0.0,5.49,22.44,18.82,26.54,26.43,12.82,3.42,18.25,18.91,17.51,21.06,23.97,19.74,11.22,86.39,38.99,31.61,35.34,25.86,25.43,5.59
Ville 66,0.56,39.59,35.96,35.36,25.7,7.47,14.09,9.69,25.2,25.19,27.56,36.95,27.56,14.79,25.81,18.78,35.99,43.78,39.53,18.36,31.54,13.16,31.54,28.54,27.64,40.79,10.63,28.82,4.69,28.98,13.16,9.5,21.56,14.9,39.55,29.66,21.44,23.46,43.6,10.66,35.9,25.03,3.01,38.29,17.5,22.95,52.32,14.66,42.47,19.02,14.55,3.01,44.63,8.89,19.85,25.06,29.79,29.46,39.1,3.78,22.6,25.26,30.39,39.24,5.03,0.0,17.6,13.98,24.79,28.9,7.98,7.71,22.57,23.24,27.69,21.38,22.22,14.9,23.2,96.03,34.16,26.77,30.5,24.1,25.75,1.89
Ville 67,18.08,58.53,20.45,28.7,27.7,24.34,9.29,10.64,48.74,23.52,31.44,36.87,31.44,33.73,24.14,37.34,37.29,28.28,58.47,37.63,45.17,12.92,50.48,32.42,31.53,40.71,22.83,47.76,14.73,47.92,12.92,26.31,18.77,6.86,58.49,14.15,18.13,44.76,37.17,29.6,20.39,23.35,19.82,22.78,9.87,18.83,36.81,14.07,42.39,37.96,10.97,19.82,45.92,21.09,38.8,37.27,14.28,12.64,23.59,20.58,41.54,23.58,14.29,58.18,21.84,17.59,0.0,9.44,18.41,45.7,8.93,24.58,29.41,28.19,31.57,40.32,12.67,6.86,27.08,99.91,17.95,10.56,14.3,14.92,48.82,17.52
Ville 68,14.2,54.95,24.66,20.13,15.45,17.79,0.11,7.71,38.62,14.95,21.27,26.71,21.27,30.14,15.57,29.93,28.7,32.48,54.88,30.22,40.16,9.99,46.9,19.96,21.36,30.54,19.25,44.18,7.96,44.34,9.99,22.43,10.2,7.78,54.91,18.35,10.08,38.82,33.35,26.02,24.6,14.78,15.94,26.99,12.75,19.95,41.02,10.39,32.22,34.38,12.56,15.94,37.33,17.51,35.21,33.68,18.49,21.3,27.8,16.7,37.96,15.02,22.94,54.6,17.96,13.72,8.9,0.0,13.43,41.82,6.0,17.61,31.19,35.42,21.4,36.74,7.11,7.78,19.86,101.43,27.25,19.86,23.59,11.1,41.11,13.64
Ville 69,24.86,65.61,15.98,13.5,6.94,23.48,13.46,20.79,41.85,8.0,23.63,16.11,23.64,40.8,8.12,33.15,20.27,27.59,65.54,33.44,50.82,23.07,57.56,20.45,23.72,19.94,29.9,54.84,21.44,55.0,23.07,29.1,6.03,20.86,65.57,19.5,3.34,49.48,22.75,36.68,22.77,7.84,26.6,25.27,25.84,42.22,27.52,23.47,21.62,45.04,25.64,26.6,28.9,28.17,45.87,44.34,20.71,28.45,27.85,27.36,48.61,8.07,28.98,65.26,26.47,24.37,18.82,13.51,0.0,47.73,19.08,23.3,41.85,42.51,23.76,47.39,7.84,20.86,23.73,100.43,31.7,29.78,33.51,4.15,51.77,24.3
Ville 70,28.69,19.19,64.32,46.12,46.23,25.11,44.48,41.3,7.84,44.88,28.05,54.78,28.5,29.25,44.64,14.91,43.49,72.14,19.81,15.2,40.57,38.93,29.29,31.02,28.43,51.3,30.28,10.48,33.05,22.89,38.93,19.37,42.28,43.27,19.35,58.02,44.56,36.68,61.77,27.76,64.26,45.08,26.74,66.65,45.86,44.07,72.32,40.42,53.86,29.83,44.17,26.74,47.85,32.33,30.78,38.0,58.15,57.82,67.46,28.01,12.92,44.95,58.76,19.18,26.59,29.02,45.96,42.34,47.9,0.0,36.34,25.38,43.7,44.36,28.21,31.17,47.73,43.27,33.11,58.23,62.52,55.13,58.87,48.09,38.97,29.12
Ville 71,8.71,49.46,27.27,25.72,21.04,14.91,6.03,1.71,46.62,20.54,29.32,32.3,29.32,24.66,21.16,35.22,35.93,35.09,49.4,35.51,28.64,3.99,41.41,30.3,29.41,36.13,13.76,38.69,3.47,38.85,3.99,16.94,15.79,6.25,49.42,20.97,15.67,27.63,43.99,20.53,27.21,20.37,10.45,29.6,4.16,13.95,43.63,4.39,37.81,28.89,6.56,10.45,44.57,12.02,29.72,22.16,21.1,21.1,30.41,11.22,32.47,20.61,22.04,49.11,12.47,8.23,8.94,5.92,19.02,36.34,0.0,15.15,19.69,19.2,29.45,31.25,12.7,6.25,24.96,97.79,25.8,18.41,22.15,18.31,35.62,8.16
Ville 72,7.53,35.74,38.65,26.96,24.02,0.44,17.51,16.54,20.28,22.67,13.96,35.27,13.96,16.38,22.43,11.29,27.42,50.27,35.67,11.58,29.11,15.87,33.13,14.94,14.05,35.22,7.76,24.97,11.54,30.58,15.87,5.98,20.1,21.94,35.7,36.69,19.98,25.06,41.92,12.25,42.93,22.87,5.59,45.32,24.54,21.0,50.43,17.37,37.79,20.62,21.11,5.59,35.95,7.86,21.45,22.5,36.83,36.49,46.13,4.97,18.74,22.74,37.43,35.39,3.42,7.86,24.64,17.56,23.32,25.35,14.83,0.0,20.63,21.29,14.09,22.97,20.75,21.94,7.8,82.97,41.19,33.81,37.54,22.64,27.34,7.38
Ville 73,18.79,40.79,51.0,54.16,44.5,22.07,32.9,18.11,41.63,44.0,46.07,55.76,46.08,17.3,44.62,35.21,54.8,53.8,41.27,34.8,15.87,17.6,32.3,47.05,46.16,59.6,15.83,39.96,23.5,27.33,17.6,25.94,40.37,30.89,40.75,43.34,40.25,15.46,67.22,18.9,47.48,43.83,16.84,49.87,20.19,7.37,66.86,15.09,61.27,21.54,20.03,16.84,63.44,16.5,24.35,9.48,41.32,33.82,45.86,18.61,34.54,44.07,30.38,40.44,19.71,19.11,29.46,32.79,43.59,45.33,19.47,22.31,0.0,0.66,46.21,21.17,41.03,30.89,41.71,99.31,30.13,22.74,26.47,42.91,19.51,19.22
Ville 74,19.11,42.07,50.34,54.48,44.82,22.4,36.45,18.43,41.95,44.32,46.39,56.08,46.4,17.51,44.94,35.53,55.12,53.14,42.55,35.12,17.14,17.93,33.57,47.38,46.48,59.92,16.16,41.24,23.82,28.6,17.93,26.26,40.69,30.22,42.02,42.68,40.57,16.74,66.56,19.22,46.82,44.16,17.16,49.2,20.51,7.69,66.2,15.41,61.59,21.75,19.37,17.16,63.76,16.82,25.62,9.7,40.66,33.16,45.2,18.93,34.86,44.39,29.71,41.72,20.03,19.43,28.8,36.34,43.91,45.65,19.8,22.63,1.22,0.0,46.53,22.44,41.35,30.22,42.03,100.59,29.47,22.08,25.81,44.31,20.79,19.54
Ville 75,28.24,42.71,37.23,18.91,19.02,14.96,21.79,29.89,20.7,17.68,0.37,27.57,0.82,30.89,17.43,13.75,16.29,48.84,42.64,14.05,43.62,35.53,44.79,3.81,0.74,24.09,33.0,31.94,24.89,38.29,35.53,22.75,19.58,30.42,42.67,45.17,21.86,39.57,34.56,26.77,51.41,17.87,20.1,53.8,33.02,45.32,45.11,37.03,26.66,34.77,36.98,20.1,22.36,31.26,35.96,47.43,45.31,44.97,54.61,19.49,25.72,17.75,45.91,42.36,17.94,27.76,33.11,21.84,24.2,27.89,28.18,14.51,44.94,45.61,0.0,37.48,25.04,30.42,9.1,73.15,49.67,42.28,46.02,25.39,41.86,27.69
Ville 76,21.08,21.09,58.59,49.72,48.62,22.72,37.02,29.3,32.92,48.12,36.92,59.88,36.92,7.57,48.74,26.54,50.37,66.42,21.57,26.12,12.04,26.92,10.19,37.9,37.01,58.18,18.28,20.26,27.62,7.63,26.92,19.1,44.49,37.54,21.05,52.29,44.37,8.15,66.52,11.31,58.54,47.95,19.13,60.92,31.91,23.39,74.96,27.62,60.74,4.71,31.43,19.13,58.91,20.32,3.61,14.99,52.43,52.09,61.74,20.9,20.4,48.19,53.38,20.74,21.21,21.4,40.24,36.91,47.71,30.62,30.91,22.96,24.24,24.7,37.05,0.0,45.14,37.54,30.76,79.61,53.14,45.75,49.48,47.03,8.45,21.51
Ville 77,22.29,63.04,18.15,17.37,12.69,20.92,7.11,14.45,41.75,12.19,24.39,23.95,24.4,38.24,12.81,33.05,24.14,29.76,62.98,33.34,48.25,16.73,54.99,23.08,24.48,27.79,27.34,52.27,18.87,52.43,16.73,26.53,7.45,14.52,63.0,17.28,6.61,46.92,28.56,34.11,22.61,12.02,24.03,25.12,19.49,26.69,32.77,17.13,29.46,42.47,19.3,24.03,32.77,25.6,43.3,41.77,17.49,20.22,28.38,24.79,46.05,12.26,21.87,62.69,23.9,21.81,12.68,7.17,7.5,47.63,12.74,20.74,39.29,39.95,24.52,44.83,0.0,14.52,22.98,100.33,24.59,23.64,27.37,3.99,49.2,21.74
Ville 78,15.43,55.89,26.43,27.37,22.69,21.7,7.68,5.19,46.1,22.18,28.8,33.94,28.8,31.09,22.8,34.7,42.25,34.26,55.83,34.99,44.63,6.9,47.84,29.78,28.89,37.78,20.19,45.12,12.09,45.28,6.9,23.67,17.44,0.0,55.85,20.13,17.32,39.77,43.15,26.96,26.37,22.02,17.18,28.76,1.98,14.02,42.8,6.86,39.46,35.32,6.64,17.18,50.79,18.45,36.15,34.62,20.27,16.59,29.57,17.94,38.9,22.25,17.52,55.54,19.19,14.95,6.81,7.57,20.66,43.06,6.29,21.94,19.77,27.65,28.93,37.68,14.35,0.0,24.44,97.27,21.29,13.9,17.63,17.57,42.05,14.88
Ville 79,22.08,41.15,45.31,24.55,21.61,5.85,18.48,23.73,20.68,20.26,9.1,33.84,9.1,21.79,20.02,11.98,22.56,53.13,41.08,12.28,34.52,29.37,38.54,10.08,9.19,30.36,13.17,30.38,18.73,35.99,29.37,11.39,16.93,24.25,41.11,39.01,19.21,30.47,39.51,17.66,45.25,20.46,11.0,47.64,26.85,26.41,47.7,30.86,32.93,26.03,30.82,11.0,31.09,25.1,26.86,27.91,39.14,38.81,48.45,10.38,24.15,20.33,39.74,40.8,8.83,21.6,26.95,18.54,22.55,34.12,22.02,5.41,26.04,26.7,9.23,28.38,21.73,24.25,0.0,78.11,43.51,36.12,39.85,23.62,32.75,21.53
Ville 80,95.88,62.02,119.11,85.05,92.84,83.43,100.26,97.53,62.01,91.5,74.67,90.13,75.12,87.9,91.25,70.06,78.85,126.94,62.78,70.35,89.75,103.17,78.46,77.63,75.04,86.65,100.64,66.52,92.53,73.09,103.17,77.48,94.42,98.06,62.36,112.81,96.7,85.86,100.45,91.64,119.05,91.69,88.57,121.44,100.66,112.96,111.23,104.67,88.87,85.04,104.62,88.57,74.41,98.9,83.94,91.35,112.94,112.61,122.25,87.96,72.75,91.57,113.55,62.16,86.41,95.4,100.75,100.15,100.05,58.26,95.82,82.98,101.95,102.41,74.82,80.35,99.22,98.06,77.57,0.0,117.31,109.92,113.66,101.11,88.14,95.33
Ville 81,34.17,70.92,21.56,42.57,36.01,40.43,28.73,27.49,64.83,37.07,47.53,43.78,47.53,49.82,37.83,53.43,49.34,25.92,71.39,53.72,45.99,27.98,62.42,48.51,47.62,49.02,38.92,63.85,30.82,57.45,27.98,42.4,31.04,21.09,70.87,13.9,28.36,45.58,41.5,45.69,18.04,36.91,35.91,20.43,23.75,27.96,41.5,27.94,51.68,54.05,22.51,35.91,57.98,37.18,54.47,38.7,11.88,3.48,19.05,36.67,57.63,37.14,2.13,70.56,37.92,33.68,17.77,28.62,32.11,61.79,25.79,40.67,30.22,29.01,47.66,51.29,25.78,21.09,43.17,116.0,0.0,9.3,9.18,25.14,49.64,33.61
Ville 82,26.87,63.62,30.1,39.77,38.77,33.14,21.43,20.2,57.54,34.58,40.23,52.32,40.24,42.52,35.2,46.13,53.69,32.9,64.1,46.43,38.69,20.68,55.12,41.22,40.32,51.78,31.62,56.56,23.52,50.16,20.68,35.1,29.84,13.79,63.58,22.43,29.2,38.29,50.03,38.4,26.57,34.42,28.61,28.96,16.45,20.67,50.04,20.64,53.46,46.76,15.21,28.61,62.23,29.89,47.17,31.41,20.42,12.92,24.96,29.38,50.33,34.65,9.47,63.27,30.63,26.39,10.48,21.32,29.48,54.5,18.49,33.37,22.93,21.71,40.37,44.0,23.74,13.79,35.87,108.71,9.23,0.0,4.43,25.99,42.34,26.32
Ville 83,30.57,67.32,33.8,43.47,42.47,36.84,25.13,23.9,61.24,38.28,43.93,56.02,43.94,46.22,38.9,49.83,57.39,36.6,67.8,50.12,42.39,24.38,58.82,44.92,44.02,55.48,35.32,60.26,27.22,53.86,24.38,38.8,33.54,17.49,67.28,26.13,32.9,41.99,53.73,42.1,30.27,38.12,32.31,32.66,20.15,24.37,53.74,24.34,57.15,50.46,18.91,32.31,65.93,33.59,50.87,35.11,24.12,16.62,28.66,33.08,54.03,38.35,13.17,66.97,34.33,30.09,14.18,25.02,33.18,58.2,22.19,37.07,26.63,25.41,44.07,47.7,27.44,17.49,39.57,112.41,12.92,4.48,0.0,29.69,46.04,30.02
Ville 84,24.17,64.93,17.17,15.08,10.4,22.8,11.1,19.58,41.99,9.9,24.64,23.33,24.64,40.12,10.52,33.3,21.84,28.78,64.86,33.59,50.13,21.86,56.87,22.85,24.73,27.17,29.22,54.16,20.76,54.32,21.86,28.42,6.17,17.71,64.88,16.6,3.49,48.8,24.83,35.99,23.96,9.73,25.92,26.46,19.5,34.19,28.95,22.26,28.84,44.36,26.33,25.92,30.48,27.48,45.19,43.66,16.81,19.55,27.7,26.68,47.93,9.97,21.19,64.58,25.78,23.69,14.96,11.16,3.77,47.87,17.87,22.62,41.17,43.55,24.77,46.71,3.99,17.71,24.87,100.57,23.91,25.92,29.66,0.0,51.08,23.62
Ville 85,25.52,29.39,63.04,54.16,53.06,27.17,41.46,30.96,38.17,52.56,41.36,64.32,41.36,12.08,53.18,30.98,54.82,70.86,29.87,30.57,5.81,28.59,14.95,42.34,41.45,62.62,22.72,28.56,32.06,15.93,28.59,23.54,48.93,41.98,29.35,56.73,48.81,5.21,70.97,15.75,62.98,52.4,23.57,65.37,33.58,27.54,79.4,30.53,65.19,13.6,40.24,23.57,63.35,24.77,11.67,10.46,56.87,54.04,66.08,25.34,26.93,52.63,50.59,29.04,25.65,25.85,49.68,41.35,52.15,38.91,35.35,27.4,21.45,21.91,41.49,8.5,49.59,41.98,35.2,87.91,50.34,42.96,46.69,51.47,0.0,25.95
Ville 86,1.63,39.61,36.13,35.52,25.86,7.1,14.26,9.86,25.21,25.36,27.72,37.12,27.73,14.8,25.98,18.79,36.16,43.95,39.54,18.38,27.53,13.33,31.56,28.7,27.81,40.96,4.87,28.84,4.86,29.0,13.33,9.52,21.73,15.07,39.56,29.82,21.61,23.48,43.77,10.68,36.07,25.19,3.03,38.46,17.67,18.12,52.49,14.82,42.63,19.04,14.71,3.03,44.8,9.06,19.87,20.23,29.96,29.63,39.27,3.79,22.61,25.43,30.56,39.26,5.05,2.72,17.77,14.15,24.95,28.91,8.15,7.34,17.75,18.41,27.86,21.39,22.39,15.07,23.36,96.2,34.33,26.94,30.67,24.27,25.77,0.0
