0:0,39.28:44,36.38:32,35.78:32,26.12:26,7.16:12,14.52:16,10.11:12,24.88:29,25.62:26,27.98:20,37.37:38,27.98:20,14.47:18,26.24:27,18.46:23,36.41:32,44.21:39,39.21:44,18.05:23,27.19:31,13.58:12,31.22:37,28.96:20,28.07:20,41.21:40,4.54:9,28.5:31,5.12:5,28.66:30,13.58:12,9.19:13,21.98:19,15.33:12,39.23:44,30.08:26,21.86:20,23.15:26,44.02:45,10.34:14,36.32:29,25.45:26,2.69:5,38.71:34,17.93:14,17.78:18,52.75:43,15.08:15,42.89:41,18.7:24,14.97:17,2.69:5,45.05:41,9.31:9,19.54:23,19.9:21,30.22:24,29.88:25,39.52:32,3.46:6,22.28:25,25.69:26,30.82:27,38.92:43,4.71:10,0.58:0,18.02:14,14.4:15,25.21:24,28.58:32,8.4:10,7.39:13,17.41:18,18.08:20,28.11:20,21.06:24,22.64:20,15.33:12,23.62:14,96.45:73,34.58:26,27.19:20,30.93:24,24.53:24,25.43:29,1.57:3
39.33:44,0:0,76.85:71,59.81:65,59.82:66,35.52:41,55.27:56,47.55:51,25.5:31,58.48:63,42.18:47,68.47:75,42.63:48,28.65:31,58.23:63,29.31:33,57.18:62,84.67:78,1.15:2,29.19:34,30.51:31,45.18:47,17.77:19,44.71:50,42.55:48,64.98:71,36.53:38,10.76:13,45.87:45,13.85:18,45.18:47,29.77:33,62.74:59,55.79:51,0.57:1,70.55:65,62.62:60,26.61:27,75.46:83,32.39:35,76.79:69,58.67:63,37.38:41,79.18:73,50.17:54,48.79:44,93.21:82,46.68:49,67.55:72,25.79:30,50.42:53,37.38:41,63.6:70,38.58:43,24.69:27,32.1:34,70.68:63,75.29:62,79.99:71,39.16:43,16.98:19,58.55:63,71.84:60,0.53:1,38.27:42,39.66:45,58.49:53,55.16:55,65.97:64,19.22:23,49.16:50,35.79:42,42.71:42,43.16:40,41.9:47,21.1:23,63.4:60,55.79:51,41.45:46,61.79:58,71.6:59,64.21:53,67.94:56,65.28:64,28.9:30,39.76:45
37.54:31,77.99:70,0:0,26.59:28,20.03:20,39.02:40,26.22:24,29.86:28,68.2:53,21.08:22,38.1:39,23.99:21,38.1:39,53.19:43,21.84:23,56.8:46,33.35:34,11.53:13,77.93:69,57.09:46,65.22:50,32.14:32,69.94:62,34.92:35,38.19:39,31.6:30,42.29:33,67.22:57,34.19:28,67.38:56,32.14:32,45.77:42,21.56:21,27.63:25,77.95:70,10.03:11,18.88:18,64.82:50,21.7:19,49.06:39,9.98:12,20.93:21,39.28:34,11.71:14,29.42:29,41.06:40,21.7:17,32.54:33,31.88:29,57.42:49,33.2:31,39.28:34,43.37:42,40.55:33,58.26:49,56.73:45,9.18:8,16.92:14,14.6:16,40.04:35,61.0:50,21.15:22,17.45:14,77.64:69,41.3:39,37.05:30,21.83:20,26.37:25,16.12:17,65.16:61,28.16:25,38.84:39,49.46:42,48.24:39,38.23:39,59.78:49,18.89:19,27.63:25,46.54:34,119.37:92,20.17:18,28.53:24,28.41:27,17.41:17,64.15:54,36.98:31
35.75:32,59.76:66,26.53:28,0:0,6.81:11,27.51:28,20.1:25,27.44:36,38.9:41,5.47:8,18.33:20,11.29:13,18.33:19,43.44:46,5.44:8,30.81:32,6.76:6,38.15:38,59.7:65,31.1:33,61.71:57,29.71:40,60.2:64,15.12:15,18.42:20,14.51:14,40.79:34,48.99:52,32.33:29,57.64:58,29.71:40,33.12:36,9.92:14,27.51:35,59.72:65,30.05:32,11.59:16,52.12:54,17.93:21,39.32:42,33.32:33,5.66:9,37.49:35,35.83:37,32.48:37,53.11:44,28.51:27,30.12:41,15.39:16,47.68:51,32.29:40,37.49:35,15.4:14,39.06:35,48.51:51,55.23:47,31.26:30,39.0:35,38.4:38,38.25:36,42.77:46,5.54:8,39.54:36,59.41:64,30.49:34,35.26:31,28.71:33,20.16:25,13.58:16,46.09:47,25.73:33,27.33:27,52.74:44,53.4:46,18.46:20,50.03:51,17.45:22,27.51:35,24.62:25,85.03:84,42.26:39,39.67:42,43.41:46,15.12:20,54.41:56,35.19:32
25.78:26,59.85:66,18.66:19,6.81:11,0:0,24.26:26,15.45:18,22.78:29,39.08:41,1.49:2,18.51:20,11.71:12,18.51:20,41.73:39,2.25:4,30.89:32,13.58:17,30.27:29,59.78:65,31.18:33,51.74:51,25.06:33,58.48:58,15.33:16,18.6:20,15.55:15,30.83:29,49.08:52,22.37:23,55.92:52,25.06:33,29.88:35,5.26:7,22.85:28,59.8:65,22.18:23,6.93:9,50.41:47,18.35:20,37.6:35,25.45:24,1.34:2,27.52:30,27.95:28,27.83:30,43.15:38,26.54:24,25.46:34,17.22:16,45.96:45,27.63:33,27.52:30,22.22:26,29.09:30,46.8:45,45.27:41,23.39:20,31.13:26,30.53:29,28.29:30,42.85:46,1.56:3,31.66:26,59.5:64,27.24:33,25.3:26,26.52:25,15.5:18,5.71:7,46.27:47,21.07:26,24.08:26,42.78:39,43.44:40,18.64:20,48.32:45,12.79:15,22.85:28,24.23:24,91.53:83,34.38:30,37.48:34,41.21:38,10.46:13,52.69:50,25.23:26
7.09:12,37.0:43,40.28:42,28.59:30,25.64:29,0:0,19.13:22,16.45:23,21.91:26,24.3:26,15.78:18,36.9:40,15.79:18,15.94:17,24.06:26,12.92:16,29.24:30,50.55:49,36.93:42,13.21:17,28.66:30,15.43:20,32.69:36,16.77:18,15.87:18,37.04:39,7.31:13,26.23:30,11.46:15,30.13:30,15.43:20,7.22:10,21.73:23,21.67:22,36.96:43,36.42:36,21.6:24,24.62:25,43.54:48,11.81:13,42.66:40,24.49:27,5.14:8,45.05:45,24.27:24,20.56:22,52.06:51,16.92:23,39.61:40,20.17:23,20.67:27,5.14:8,37.78:39,7.42:15,21.01:23,22.06:23,36.56:34,36.22:36,45.86:42,4.53:9,20.01:23,24.37:26,37.16:37,36.65:42,2.98:6,7.42:13,24.37:24,19.19:22,24.95:28,26.61:29,14.75:20,1.83:3,20.19:22,20.85:24,15.92:18,22.53:23,22.38:25,21.67:22,9.63:11,84.8:71,40.92:37,33.53:31,37.27:34,24.27:28,26.9:28,7.52:13
14.46:16,59.98:55,24.58:25,20.06:24,15.38:17,17.72:19,0:0,7.97:12,38.55:38,14.88:17,21.2:19,26.63:29,21.2:19,35.17:28,15.5:18,29.85:29,28.62:27,32.41:31,59.91:54,30.15:30,45.18:40,10.25:16,51.92:47,19.89:18,21.28:19,30.47:32,24.27:17,49.21:41,8.23:13,49.37:40,10.25:16,22.69:27,10.13:10,9.98:10,59.93:54,18.28:18,10.01:11,43.85:36,33.28:37,31.04:24,24.52:22,14.71:17,16.2:20,26.91:27,11.76:14,20.21:26,40.95:36,10.65:17,32.15:33,39.41:34,12.82:17,16.2:20,37.26:36,22.53:18,40.24:34,38.71:30,18.42:16,21.22:21,27.72:25,16.97:20,42.98:35,14.94:17,22.87:21,59.63:53,18.22:24,13.98:16,8.83:9,0.43:0,13.35:15,44.43:46,6.26:9,17.54:19,36.22:27,35.69:27,21.33:20,41.76:34,7.04:9,9.98:10,19.79:19,101.36:77,27.17:24,19.79:18,23.52:22,11.03:14,46.13:39,13.91:16
10.42:13,47.33:51,28.98:29,27.43:36,22.75:29,16.62:22,7.74:12,0:0,37.42:39,22.25:28,31.02:24,34.01:40,31.03:24,21.2:25,22.87:29,36.92:30,37.64:37,36.8:36,47.26:50,37.22:30,27.28:33,2.62:5,37.96:44,32.01:24,31.11:24,37.84:43,11.62:14,36.55:38,5.18:8,35.4:37,2.62:5,21.72:22,17.5:21,5.08:8,47.28:51,22.67:23,17.38:22,26.27:31,45.7:42,18.39:20,28.92:27,22.08:28,12.16:16,31.31:31,3.14:5,10.94:15,45.34:40,3.03:6,39.52:44,25.44:30,5.54:6,12.16:16,46.28:45,9.78:14,26.27:30,20.8:23,22.81:21,22.81:25,32.12:29,12.92:17,30.33:31,22.32:28,23.75:26,46.97:50,14.18:21,9.94:13,10.65:11,7.63:11,20.73:26,41.12:42,1.71:2,16.86:23,16.69:21,16.19:22,31.16:24,27.8:30,14.41:20,5.08:8,26.67:18,99.5:76,27.51:25,20.12:19,23.86:23,20.01:23,30.03:35,9.87:13
25.01:29,25.51:31,62.8:55,38.93:41,39.04:41,20.08:22,38.7:38,37.63:39,0:0,37.7:39,20.87:23,47.59:51,21.32:24,25.57:28,37.45:38,9.83:12,36.31:37,70.63:62,25.44:30,10.12:13,39.8:41,35.25:35,32.21:36,23.83:25,21.24:24,44.11:46,26.6:26,14.74:18,36.23:31,25.81:31,35.25:35,15.7:16,36.5:38,41.75:35,25.47:30,56.5:49,38.78:40,35.76:37,54.58:59,24.08:27,62.74:52,37.89:39,23.07:26,65.13:57,44.35:37,40.39:36,65.13:65,36.75:37,46.68:47,26.16:29,40.5:41,23.07:26,39.87:44,28.65:30,27.11:31,34.33:36,56.64:47,56.3:48,65.94:55,24.34:27,12.36:16,37.77:39,57.24:50,25.16:30,22.91:25,25.34:30,44.45:37,38.76:38,42.12:45,7.84:9,39.52:35,20.35:23,40.02:37,40.68:38,21.02:22,32.92:34,41.95:41,41.75:35,21.27:22,61.98:60,61.0:49,53.62:43,57.35:47,42.31:45,38.04:40,25.45:30
24.98:25,58.54:63,19.55:20,5.69:9,1.34:2,22.96:24,14.64:16,21.98:27,37.78:39,0:0,17.2:17,12.6:14,17.21:17,40.93:38,1.13:2,29.59:30,12.46:15,31.16:31,58.48:62,29.88:30,50.94:50,24.26:32,57.68:57,14.02:13,17.29:18,16.43:16,30.03:27,47.77:50,21.56:22,55.12:50,24.26:32,28.57:32,4.46:6,22.05:26,58.5:63,23.06:24,6.13:7,49.6:46,19.24:21,36.8:34,26.34:26,0.19:0,26.72:28,28.84:30,27.02:29,42.35:37,27.43:26,24.66:32,18.11:17,45.16:44,26.83:32,26.72:28,21.09:24,28.29:28,45.99:44,44.46:40,24.28:22,32.02:28,31.42:31,27.48:29,41.55:43,0.42:1,32.55:28,58.19:62,25.94:30,24.5:25,23.25:25,14.7:16,6.6:8,44.97:45,20.27:25,22.78:23,41.98:37,42.64:39,17.34:18,47.52:44,11.99:14,22.05:26,22.93:21,90.23:80,35.27:32,34.21:34,37.95:38,9.66:12,51.89:49,24.43:25
27.89:21,42.33:48,36.88:39,18.56:20,18.67:21,14.6:17,21.44:20,29.54:26,20.84:22,17.33:18,0:0,27.22:30,0.45:1,30.54:35,17.08:18,13.37:14,15.94:17,48.49:49,42.26:47,13.66:15,43.27:47,35.18:27,44.4:51,3.46:4,0.37:1,23.74:25,32.64:23,31.56:35,24.54:19,37.9:44,35.18:27,22.37:24,19.23:20,30.06:23,42.28:47,44.82:37,21.51:22,39.22:42,34.21:38,26.41:30,51.06:40,17.52:19,19.75:25,53.45:45,32.66:25,44.96:33,44.76:44,36.67:30,26.31:26,34.39:39,36.63:29,19.75:25,21.99:24,30.91:24,35.61:40,47.08:36,44.95:35,44.62:36,54.26:43,19.13:26,25.33:28,17.4:18,45.55:38,41.98:47,17.58:23,27.41:21,32.76:25,21.49:21,23.85:26,28.03:28,27.83:23,14.16:16,44.59:33,45.25:35,0.18:0,37.13:40,24.69:23,30.06:23,8.75:10,73.29:64,49.32:37,41.93:31,45.66:35,25.04:27,41.5:45,27.34:21
37.03:38,68.5:76,24.73:21,11.29:13,11.68:12,35.51:38,26.69:29,34.02:41,47.63:51,12.74:14,27.06:30,0:0,27.07:30,52.97:51,13.5:16,39.54:42,11.58:14,33.43:32,68.43:75,39.83:43,62.99:63,36.3:45,69.73:70,23.85:25,27.15:30,7.63:9,42.07:41,57.72:62,33.61:35,67.17:64,36.3:45,41.12:46,16.51:19,34.09:39,68.45:75,33.57:27,18.17:20,61.65:59,7.06:8,48.85:47,35.05:29,12.58:14,38.77:41,36.09:33,39.07:42,54.39:50,17.84:18,36.7:45,7.91:8,57.21:57,38.88:45,38.77:41,19.39:21,40.34:41,58.04:57,56.51:53,32.73:25,40.46:31,40.13:34,39.53:42,51.5:56,12.81:15,41.0:31,68.14:74,38.49:45,36.54:38,37.01:35,26.75:29,16.2:17,54.82:57,32.32:38,35.33:38,54.02:50,54.68:52,27.19:30,59.56:57,24.03:27,34.09:39,33.36:35,89.83:92,43.72:35,52.08:41,51.95:44,23.39:23,63.94:62,36.47:38
27.68:21,43.19:49,36.66:38,18.35:19,18.45:20,14.39:16,21.22:20,29.32:26,21.19:23,17.11:17,0.34:1,27.01:29,0:0,30.33:34,16.87:17,14.23:15,15.72:16,48.27:48,43.12:48,14.52:16,43.05:46,34.96:27,45.26:52,3.25:4,0.08:0,23.52:25,32.43:22,32.41:36,24.33:18,38.76:46,34.96:27,19.92:24,19.01:19,29.85:22,43.14:49,44.6:36,21.29:22,39.0:42,33.99:37,26.2:30,50.84:40,17.3:18,19.53:25,53.23:44,32.45:24,44.75:32,44.54:43,36.46:29,26.09:26,34.56:39,36.41:28,19.53:25,21.54:23,30.69:23,35.39:39,46.86:35,44.74:34,44.4:36,54.04:42,18.92:25,26.19:29,17.18:18,45.34:37,42.83:48,17.37:22,27.19:20,32.55:24,21.28:20,23.63:25,28.37:30,27.62:23,13.95:15,44.38:32,45.04:34,0.52:2,36.92:39,24.47:22,29.85:22,8.54:9,73.63:65,49.1:36,41.72:30,45.45:34,24.83:26,41.29:45,27.12:20
14.15:18,28.63:31,51.67:45,42.79:46,41.7:40,15.8:18,30.09:29,22.37:25,26.4:29,41.19:39,29.99:34,52.95:51,30.0:33,0:0,41.81:40,19.21:24,43.45:46,59.49:51,29.11:28,18.8:24,13.7:15,20.0:20,17.72:21,30.97:33,30.08:34,51.25:54,11.35:11,20.38:22,20.69:18,15.17:15,20.0:20,12.17:14,37.56:32,30.61:24,28.59:31,45.37:38,37.44:33,9.65:10,59.6:59,4.39:6,51.61:42,41.03:39,12.2:14,54.0:47,24.99:28,16.79:18,68.03:56,21.02:21,53.82:55,5.21:8,25.24:26,12.2:14,51.98:54,13.4:16,6.04:8,9.78:10,45.5:36,45.17:38,54.81:44,13.98:16,15.16:16,41.26:39,46.1:39,28.28:30,14.28:16,14.48:18,33.31:26,29.98:29,40.78:37,29.01:32,23.98:23,16.03:18,20.83:19,21.49:20,30.12:34,7.56:8,38.22:33,30.61:24,23.83:26,87.15:74,49.87:39,42.48:33,46.21:37,40.1:37,11.93:13,14.58:19
25.53:26,58.19:63,20.45:22,5.76:9,2.24:4,22.61:23,15.2:18,22.53:29,37.43:38,0.9:2,16.85:17,13.49:16,16.86:17,41.48:40,0:0,29.23:29,12.52:15,32.06:33,58.12:62,29.53:30,51.49:51,24.81:33,58.23:58,13.67:13,16.94:17,17.33:18,30.58:29,47.42:49,22.12:23,55.68:52,24.81:33,28.22:32,5.02:7,22.6:28,58.15:62,23.96:26,6.68:9,50.16:47,20.14:23,37.35:35,27.23:28,1.09:2,27.28:30,29.74:32,27.58:30,42.9:38,28.33:28,25.21:34,19.01:19,45.72:45,27.39:33,27.28:30,21.16:23,28.84:30,46.55:45,45.02:41,25.17:24,32.91:30,32.31:33,28.04:30,41.2:43,0.97:2,33.45:30,57.84:61,25.59:30,25.05:26,23.81:27,15.25:18,7.5:10,44.61:44,20.82:26,22.43:23,42.53:39,43.19:40,16.99:17,48.07:45,12.54:15,22.6:28,22.58:21,89.87:80,36.17:34,34.77:35,38.5:39,10.21:13,52.44:50,24.98:26
18.26:23,29.23:34,54.43:47,31.26:34,31.27:34,11.53:14,30.33:30,32.85:30,10.31:14,29.92:31,13.63:15,39.92:43,14.08:17,18.22:23,29.68:31,0:0,28.63:30,62.26:54,29.16:33,0.29:0,32.26:36,28.5:28,31.3:37,16.16:18,14.0:16,36.43:39,19.85:19,18.46:20,27.85:23,24.8:30,28.5:28,8.94:9,28.12:30,33.38:27,29.18:33,48.13:41,30.4:32,28.21:32,46.91:52,17.33:20,54.37:44,30.12:32,16.31:19,56.76:49,35.97:29,33.64:30,57.36:57,29.99:30,39.0:40,21.29:25,33.74:34,16.31:19,35.05:39,21.9:24,22.24:27,27.57:29,48.26:39,47.93:40,57.57:47,17.58:21,12.23:14,29.99:31,48.87:42,28.88:32,16.16:18,18.59:23,36.07:29,30.39:31,33.75:37,16.06:18,31.14:27,11.8:15,33.27:30,33.93:32,13.35:15,26.13:29,33.58:33,33.38:27,12.89:15,70.59:68,52.63:41,45.24:35,48.98:39,33.94:37,30.5:35,18.69:24
35.77:32,56.83:62,33.05:34,6.52:5,13.33:16,27.53:28,28.41:27,37.35:36,35.97:37,11.99:14,15.39:16,11.79:14,15.4:16,43.47:45,11.96:14,27.87:28,0:0,44.67:44,56.76:61,28.16:29,61.73:56,43.35:38,60.22:64,12.18:11,15.48:16,8.31:9,40.82:34,46.06:48,32.36:29,52.4:58,43.35:38,33.14:36,16.44:20,43.0:34,56.78:61,36.57:38,18.11:22,52.15:53,18.78:22,39.34:41,39.84:39,12.18:14,37.51:35,42.35:43,45.6:36,53.14:44,29.55:32,40.03:41,10.87:10,47.7:51,42.21:41,37.51:35,9.04:9,39.08:35,48.53:51,55.25:46,37.78:35,45.52:41,44.92:44,38.27:36,39.83:42,12.06:14,46.06:42,56.48:60,30.51:34,35.29:31,37.27:37,28.47:27,20.11:22,43.15:43,35.64:33,27.1:27,52.77:44,53.43:45,15.53:16,50.06:51,23.97:28,43.0:34,21.69:21,78.67:78,48.78:45,54.87:42,58.6:46,21.64:26,54.43:56,35.22:31
44.1:39,84.56:78,11.52:13,38.04:38,31.48:30,50.37:49,32.79:32,36.43:36,74.77:61,32.53:32,49.55:49,35.69:31,49.55:49,59.76:51,33.29:34,63.36:54,44.8:45,0:0,84.49:77,63.66:54,69.54:58,38.71:40,76.51:70,46.37:45,49.64:49,43.3:40,48.86:41,73.79:65,40.75:36,73.95:64,38.71:40,52.34:50,33.01:31,34.2:33,84.52:78,13.97:17,30.33:28,69.13:57,33.41:29,55.63:47,8.76:11,32.38:32,45.85:42,7.61:9,35.98:37,51.52:46,26.86:26,39.11:41,43.59:40,63.99:57,39.77:39,45.85:42,55.07:53,47.12:41,64.82:57,63.29:53,14.44:16,22.83:22,7.94:8,46.61:43,67.57:58,32.6:32,23.37:23,84.21:77,47.86:47,43.62:38,28.4:28,32.94:33,27.57:27,71.73:69,34.72:33,50.61:49,53.78:49,52.56:46,49.68:50,66.35:57,30.34:30,34.2:33,53.11:42,125.94:100,26.87:26,32.85:32,32.73:35,28.86:28,73.19:61,43.55:39
39.28:44,1.17:2,76.8:71,59.76:65,59.77:65,35.47:41,55.22:55,47.5:51,25.45:30,58.42:62,42.13:47,68.42:75,42.58:48,29.1:28,0:0,0:0,0:0,0:0,0:0,29.13:33,30.95:28,45.13:46,16.61:17,44.66:49,42.5:48,64.93:70,36.48:37,10.71:12,45.82:44,14.3:15,45.13:46,29.72:32,62.69:58,55.74:50,1.13:2,70.49:64,62.57:59,27.06:24,75.4:83,32.84:32,76.74:68,58.62:63,37.33:40,79.13:73,50.12:54,49.24:42,93.16:82,49.15:47,67.5:71,26.24:27,50.37:52,37.33:40,63.55:70,38.53:42,25.14:25,32.55:32,70.63:62,75.74:59,79.94:71,39.1:43,16.93:19,58.49:63,72.29:57,0.82:1,38.22:41,39.61:44,58.44:53,55.11:55,65.91:63,19.65:23,49.11:49,35.74:41,43.15:40,43.61:38,41.85:46,21.55:20,63.35:59,55.74:50,41.39:46,64.86:58,72.05:56,64.66:50,68.39:54,65.23:63,29.34:27,39.71:45
17.97:22,28.94:33,54.9:47,31.73:34,31.74:34,11.86:14,30.81:31,33.33:31,10.78:14,30.4:31,14.1:16,40.39:44,14.55:17,17.92:22,30.16:31,1.23:2,29.11:31,62.73:54,28.87:32,0:0,31.97:36,28.2:27,31.01:36,16.63:18,14.47:17,36.91:39,19.56:18,18.17:20,28.33:23,24.51:30,28.2:27,8.65:9,28.6:30,33.85:27,28.89:33,48.6:41,30.88:33,27.92:31,47.38:52,17.03:19,54.84:45,30.59:32,16.02:18,57.23:49,36.45:29,33.35:29,57.83:57,29.7:30,39.48:40,21.0:24,33.45:34,16.02:18,35.52:39,21.6:23,21.95:26,27.28:29,48.74:39,48.4:41,58.05:47,17.29:20,11.94:13,30.47:32,49.34:42,28.59:32,15.86:18,18.29:23,36.55:29,30.86:31,34.22:37,15.76:17,31.62:28,12.13:15,32.97:29,33.64:31,13.82:15,25.83:29,34.05:33,33.85:27,13.37:15,71.07:68,53.1:41,45.72:35,49.45:39,34.41:37,30.2:34,18.4:23
26.78:29,30.6:30,67.06:51,55.42:57,51.46:51,28.42:29,39.86:40,26.94:34,39.43:40,50.96:50,42.62:45,62.72:63,42.62:45,13.34:13,51.58:51,32.24:36,56.07:57,69.86:58,31.07:28,31.82:35,0:0,24.56:30,22.1:21,43.6:45,42.71:45,66.56:65,23.98:23,29.76:25,30.46:30,17.13:14,24.56:30,24.8:25,47.33:43,46.94:33,30.55:30,59.39:46,47.21:44,2.01:4,83.27:65,17.01:17,63.53:49,50.79:50,24.83:26,65.92:54,29.55:37,23.38:22,82.92:64,26.51:29,68.23:66,14.86:17,36.08:30,24.83:26,64.61:66,23.46:27,14.15:16,6.08:10,57.38:43,49.88:39,61.92:50,26.6:28,28.19:28,51.03:51,46.43:37,30.25:29,26.91:27,27.1:30,45.52:32,39.75:40,50.55:49,40.12:36,33.75:34,28.66:30,14.18:19,17.74:18,42.75:45,10.97:12,47.99:45,46.94:33,36.46:38,89.11:73,46.18:36,38.8:30,42.53:34,49.87:48,5.54:10,27.21:30
14.49:13,45.09:47,31.39:34,29.84:40,25.16:33,15.63:21,10.16:16,2.76:5,35.18:35,24.66:33,35.98:27,36.42:45,35.98:27,18.97:21,25.28:34,28.76:29,44.7:40,39.22:41,45.02:46,28.35:28,25.04:29,0:0,35.72:40,36.96:27,36.07:27,40.26:47,9.38:10,34.32:34,7.24:13,33.16:33,0.0:0,19.49:18,19.92:25,7.08:12,45.04:47,25.09:28,19.8:26,24.03:27,48.11:47,16.15:16,31.33:31,24.5:33,10.4:13,33.72:36,5.38:8,9.8:13,47.76:45,1.88:4,41.93:48,23.2:26,5.63:7,10.4:13,53.34:48,7.55:10,24.03:26,18.56:19,25.23:26,23.7:27,34.53:34,12.17:15,28.09:27,24.73:33,24.64:28,44.74:46,13.27:19,14.01:13,13.07:16,10.04:16,23.14:31,38.88:38,4.12:7,15.87:22,16.07:17,16.74:18,36.11:27,25.56:26,16.83:25,7.08:12,31.62:21,104.45:80,28.4:28,21.01:22,24.75:26,22.43:28,27.79:31,13.94:13
31.3:37,17.77:19,68.81:64,59.94:65,58.84:59,32.94:37,47.24:48,39.52:44,31.34:36,58.34:58,44.21:51,70.1:70,44.66:52,17.79:21,58.96:59,31.34:37,60.59:65,76.64:70,16.6:17,31.22:37,23.7:21,37.14:39,0:0,48.12:53,44.58:52,68.4:73,28.5:30,18.03:18,37.84:37,6.84:8,37.14:39,28.0:32,54.71:51,47.76:43,17.73:19,62.51:57,54.59:52,19.81:17,76.74:78,21.53:25,68.76:61,58.17:58,29.35:33,71.15:66,42.13:47,33.62:37,85.18:75,37.84:40,70.96:74,14.93:20,41.65:45,29.35:33,65.63:74,30.54:35,13.83:17,25.3:24,62.65:55,68.49:52,71.96:64,31.12:36,21.01:23,58.41:58,65.04:50,17.42:18,31.43:35,31.62:37,50.46:45,47.13:48,57.93:56,28.38:29,41.13:42,33.18:37,35.9:32,36.36:31,43.93:50,10.25:13,55.36:52,47.76:43,40.98:46,78.07:67,64.8:49,57.41:43,61.14:47,57.25:56,15.01:17,31.73:38
28.71:21,44.71:50,33.44:34,15.1:15,15.23:16,15.43:16,19.95:19,30.36:26,23.85:25,13.89:13,3.28:4,23.76:25,3.28:4,31.36:34,13.65:13,15.76:17,12.47:12,45.05:44,44.65:49,16.05:17,44.09:47,36.0:27,48.12:53,0:0,3.37:4,20.28:20,33.47:23,33.94:37,25.37:18,40.29:47,36.0:27,20.96:25,17.07:18,30.89:22,44.67:50,38.26:37,19.32:19,40.04:42,30.75:33,27.24:30,40.23:39,14.08:14,20.57:25,42.73:43,33.49:24,45.79:32,41.32:39,37.5:30,22.84:21,35.6:40,37.45:29,20.57:25,21.01:20,31.73:24,36.43:40,47.9:35,38.4:35,45.44:36,47.71:44,19.96:26,27.72:30,13.96:13,46.38:37,44.36:49,18.41:23,28.23:21,33.59:24,20.01:19,20.41:21,31.04:31,28.65:23,14.99:15,45.42:33,46.08:34,3.41:4,37.96:40,23.2:21,30.89:22,9.57:9,76.3:67,50.14:37,42.76:31,46.49:35,22.85:24,42.33:45,28.16:21
28.02:22,42.58:49,37.01:39,18.69:21,18.8:21,14.73:17,21.57:21,29.67:27,21.1:23,17.45:18,0.26:1,27.35:31,0.34:1,30.67:35,17.21:18,13.63:15,16.06:17,48.62:50,42.52:48,13.92:16,43.4:48,35.31:28,44.66:52,3.59:5,0:0,23.87:26,32.77:24,31.81:36,24.67:19,38.16:45,35.31:28,20.27:26,19.36:20,30.19:23,42.54:48,44.94:37,21.64:23,39.35:43,34.34:39,26.54:31,51.19:41,17.65:19,19.88:26,53.58:46,32.79:25,45.09:33,44.89:45,36.8:31,26.43:27,34.65:40,36.76:30,19.88:26,21.89:25,31.03:25,35.74:41,47.21:36,45.08:35,44.75:37,54.39:43,19.26:27,25.59:29,17.52:19,45.68:38,42.23:48,17.71:24,27.54:22,32.89:25,21.62:21,23.98:27,28.29:29,27.96:24,14.29:16,44.72:34,45.38:35,0.43:2,37.26:41,24.81:24,30.19:23,8.88:10,73.55:65,49.45:38,42.06:32,45.79:36,25.17:27,41.63:46,27.47:22
40.85:41,64.94:71,32.34:31,14.51:14,15.5:15,35.52:37,30.51:32,37.85:43,44.08:46,16.56:17,23.5:25,7.63:9,23.51:25,51.45:54,17.32:18,35.98:37,8.43:10,41.04:41,64.87:70,36.27:38,66.81:65,40.13:47,68.21:73,20.29:20,23.59:25,0:0,45.9:43,54.17:57,37.44:38,60.51:67,40.13:47,41.13:45,20.33:22,37.92:42,64.89:70,36.49:35,22.0:23,60.13:62,12.03:15,47.33:50,39.76:36,16.4:16,42.59:44,42.27:41,42.89:45,58.22:53,22.81:25,40.53:48,4.12:5,55.69:60,42.7:48,42.59:44,12.34:15,44.16:44,56.52:60,60.33:55,37.7:33,45.44:38,44.85:42,43.36:44,47.94:51,16.63:17,45.98:39,64.59:69,38.5:43,40.37:40,40.83:37,30.57:32,20.03:19,51.26:52,36.14:40,35.21:36,57.85:53,58.51:54,23.64:25,58.05:60,27.86:29,37.92:42,29.8:30,86.6:87,48.7:42,51.79:46,55.53:50,27.21:25,62.42:65,40.3:40
4.78:9,36.54:38,41.34:34,41.03:35,31.37:29,8.06:14,19.77:19,12.04:14,26.63:26,30.87:29,32.94:22,42.62:41,32.94:22,11.74:12,31.49:30,20.21:20,41.66:35,49.17:41,36.48:37,19.8:19,23.4:24,9.67:10,28.49:30,33.92:22,33.03:22,46.46:43,0:0,25.77:25,10.37:8,25.93:24,9.67:10,10.94:9,27.23:22,20.29:14,36.5:38,35.04:28,27.11:23,20.42:20,49.27:48,7.61:8,41.28:31,30.7:29,2.83:5,43.67:36,14.66:17,14.81:12,57.71:45,11.17:12,48.14:44,15.97:17,14.91:16,2.83:5,50.3:44,2.18:5,16.8:17,16.93:14,35.18:26,34.84:27,44.48:34,4.6:8,19.55:18,30.94:29,35.78:29,36.19:37,5.7:11,5.1:9,22.98:16,19.65:18,30.46:27,30.33:29,13.65:13,8.3:14,14.44:12,15.1:13,33.07:23,18.33:17,27.89:23,20.29:14,28.58:17,101.41:75,39.54:28,32.15:22,35.89:26,29.78:27,22.7:22,5.21:10
28.57:31,10.77:13,66.09:58,49.05:52,49.06:52,24.76:28,44.52:43,36.79:38,14.74:18,47.72:50,31.42:34,57.71:62,31.87:35,19.55:21,47.47:50,18.55:20,46.42:49,73.92:65,10.7:12,18.43:21,30.18:26,34.42:34,18.89:18,33.95:37,31.79:35,54.22:58,25.77:25,0:0,35.11:32,12.5:14,34.42:34,19.01:20,51.98:46,45.04:38,10.73:12,59.79:52,51.86:47,26.29:22,64.7:70,21.78:23,66.03:55,47.91:50,26.62:28,68.42:60,39.41:41,39.56:36,82.45:69,35.92:36,56.79:59,17.59:22,39.66:40,26.62:28,52.84:57,27.82:30,18.54:24,30.05:30,59.92:50,59.59:51,69.23:58,28.4:30,6.23:6,47.79:50,60.53:53,10.42:12,27.51:28,28.9:32,47.73:40,44.4:42,55.21:51,10.44:11,38.4:37,25.03:29,39.19:36,42.83:36,31.14:34,20.78:18,52.64:47,45.04:38,30.69:33,65.85:56,64.29:52,56.9:46,60.64:50,54.52:51,28.57:25,29.0:32
5.4:5,46.16:45,32.77:29,31.99:29,22.33:23,11.6:15,7.94:13,5.18:8,29.33:33,21.83:23,24.37:17,33.58:35,24.38:17,21.35:19,22.45:24,30.27:23,32.62:29,40.6:36,46.09:44,30.56:24,31.36:30,7.46:12,38.1:37,25.35:17,24.46:18,37.42:38,10.45:8,35.38:32,0:0,35.54:31,7.46:12,13.63:16,18.19:16,11.72:9,46.11:45,26.47:23,18.07:17,30.03:26,40.23:42,17.22:14,32.72:27,21.66:23,7.14:9,35.11:31,7.63:11,22.77:17,49.14:40,7.86:13,39.1:39,25.58:24,10.04:13,7.14:9,41.26:38,8.71:9,26.42:24,24.89:20,26.61:21,26.27:23,35.92:29,7.91:9,29.16:25,21.9:23,27.21:24,45.8:44,9.16:13,4.92:5,14.42:11,7.82:12,21.42:21,33.03:36,3.48:5,11.84:15,22.4:18,23.06:19,24.5:18,27.94:24,18.85:17,11.72:9,20.01:12,92.85:70,30.98:23,23.59:17,27.32:21,20.74:21,32.31:29,4.85:5
29.86:32,13.82:17,67.38:59,58.5:59,57.41:53,31.51:32,45.8:43,38.08:38,26.3:30,56.9:53,37.65:44,68.66:65,38.1:45,16.36:16,57.52:54,24.78:30,52.66:59,75.2:65,14.3:15,24.66:30,18.21:16,35.71:34,6.82:7,40.18:46,38.02:45,60.46:67,27.06:25,12.99:12,36.4:32,0:0,35.71:34,21.44:25,53.27:46,46.33:38,13.78:17,61.08:52,53.15:47,14.32:12,75.31:73,20.1:20,67.32:56,56.74:53,27.91:28,69.71:61,40.7:42,36.49:30,83.74:70,36.4:34,63.03:68,13.5:15,49.2:37,27.91:28,59.08:67,29.11:30,12.4:12,19.81:19,61.21:50,63.0:47,70.52:58,29.69:30,12.95:16,56.97:53,59.55:45,13.47:16,29.99:30,30.19:32,49.02:40,45.69:43,56.5:51,23.34:23,39.69:37,31.74:32,30.41:27,30.86:26,37.37:43,8.81:8,53.93:47,46.33:38,39.54:40,72.34:60,59.3:44,51.92:38,55.65:42,55.81:51,16.6:15,30.29:33
14.49:13,45.09:47,31.39:34,29.84:40,25.16:33,15.63:21,10.16:16,2.76:5,35.18:35,24.66:33,35.98:27,36.42:45,35.98:27,18.97:21,25.28:34,28.76:29,44.7:40,39.22:41,45.02:46,28.35:28,25.04:29,0.0:0,35.72:40,36.96:27,36.07:27,40.26:47,9.38:10,34.32:34,7.24:13,33.16:33,0:0,19.49:18,19.92:25,7.08:12,45.04:47,25.09:28,19.8:26,24.03:27,48.11:47,16.15:16,31.33:31,24.5:33,10.4:13,33.72:36,5.38:8,9.8:13,47.76:45,1.88:4,41.93:48,23.2:26,5.63:7,10.4:13,53.34:48,7.55:10,24.03:26,18.56:19,25.23:26,23.7:27,34.53:34,12.17:15,28.09:27,24.73:33,24.64:28,44.74:46,13.27:19,14.01:13,13.07:16,10.04:16,23.14:31,38.88:38,4.12:7,15.87:22,16.07:17,16.74:18,36.11:27,25.56:26,16.83:25,7.08:12,31.62:21,104.45:80,28.4:28,21.01:22,24.75:26,22.43:28,27.79:31,13.94:13
9.32:13,29.78:33,44.95:43,32.99:36,30.05:35,5.96:9,23.08:27,21.93:22,15.69:16,28.7:32,22.14:24,41.3:47,20.19:24,12.4:13,28.46:32,9.27:10,33.64:37,52.77:50,29.72:32,8.86:10,25.24:27,19.56:18,28.06:32,21.17:24,20.28:24,41.45:45,10.91:9,19.01:20,13.68:16,21.55:26,19.56:18,0:0,26.13:30,23.89:23,29.74:33,38.65:37,26.01:31,21.19:22,47.95:54,8.39:10,44.89:40,28.9:33,7.37:9,47.28:45,26.49:25,24.7:20,61.31:54,21.05:21,44.01:46,15.21:17,24.8:24,7.37:9,42.18:45,12.96:14,16.16:19,18.63:20,38.78:35,38.45:36,48.09:43,8.64:11,12.79:13,28.77:33,39.38:38,29.43:32,7.22:9,9.65:14,26.59:25,22.97:27,29.35:35,19.39:19,16.97:21,6.23:9,24.33:20,24.99:22,21.86:23,19.1:20,26.79:31,23.89:23,14.03:17,77.44:73,43.15:37,35.76:31,39.49:35,28.67:34,23.48:25,9.75:14
21.58:19,62.34:59,21.24:21,9.93:14,5.25:7,20.21:21,10.18:10,17.52:21,36.38:38,4.74:7,19.02:19,16.5:19,19.02:19,37.53:32,5.37:8,27.68:28,16.69:21,32.86:31,62.27:58,27.97:29,47.54:44,19.79:25,54.28:51,17.09:18,19.11:19,20.34:22,26.63:21,51.57:45,18.17:16,51.72:44,19.79:25,25.82:29,0:0,17.59:20,62.29:58,22.41:25,2.57:3,46.21:40,23.15:26,33.4:28,28.03:26,4.58:7,23.32:22,30.54:30,22.56:23,38.95:31,33.02:30,20.2:26,22.02:22,41.76:38,22.37:26,23.32:22,25.33:29,24.89:22,42.6:37,41.07:34,25.97:23,25.35:28,33.11:31,24.09:23,45.34:39,4.81:7,27.0:28,61.98:57,23.19:27,21.1:18,18.79:19,10.24:10,5.91:7,42.26:45,15.81:18,20.03:20,38.58:31,39.24:33,19.15:19,44.12:38,7.53:7,17.59:20,18.26:19,94.95:79,29.72:32,29.75:28,33.49:32,6.1:7,48.49:43,21.03:19
15.43:12,55.89:51,26.43:27,27.37:34,22.69:27,21.7:22,7.68:10,5.19:9,46.1:34,22.18:27,28.8:21,33.94:39,28.8:21,31.09:25,22.8:28,34.7:27,42.25:33,34.26:33,55.83:50,34.99:28,44.63:33,6.9:11,47.84:43,29.78:21,28.89:21,37.78:42,20.19:14,45.12:38,12.09:9,45.28:37,6.9:11,23.67:23,17.44:19,0:0,55.85:51,20.13:20,17.32:20,39.77:33,43.15:39,26.96:21,26.37:24,0:0,0:0,0:0,0:0,0:0,42.8:37,6.86:11,39.46:42,35.32:30,6.64:10,17.18:15,50.79:42,18.45:15,36.15:30,34.62:26,20.27:18,16.59:19,29.57:26,17.94:16,38.9:31,22.25:27,17.52:20,55.54:50,19.19:20,14.95:12,6.81:7,7.57:10,20.66:25,43.06:43,6.29:6,21.94:22,19.77:25,27.65:21,28.93:21,37.68:30,14.35:19,0.0:0,24.44:15,97.27:74,21.29:20,13.9:14,17.63:18,17.57:20,42.05:35,14.88:12
39.3:44,0.35:1,76.82:71,59.78:65,59.79:65,35.49:41,55.25:56,47.52:51,25.47:31,58.45:63,42.15:47,68.44:75,42.6:48,28.62:30,58.2:63,29.28:33,57.15:62,84.65:78,1.13:2,29.16:34,30.48:30,45.15:47,17.74:19,44.68:50,42.52:48,64.96:70,36.5:38,10.73:12,45.85:45,13.82:18,45.15:47,29.75:33,62.71:59,55.77:51,0:0,70.52:65,62.59:60,26.58:27,75.43:83,32.36:35,76.76:68,58.64:63,37.35:41,79.15:73,50.14:54,48.76:44,93.19:82,46.65:49,67.52:71,25.76:29,50.39:53,37.35:41,63.57:70,38.55:43,24.66:27,32.07:34,70.66:63,75.26:61,79.96:71,39.13:43,16.96:19,58.52:63,71.82:59,0.31:0,38.24:41,39.63:45,58.46:53,55.13:55,65.94:64,19.41:23,49.13:49,35.76:41,42.68:42,43.13:40,41.87:47,21.08:22,63.37:60,55.77:51,41.42:46,62.31:58,71.57:58,64.18:52,67.91:56,65.26:64,28.87:29,39.73:45
30.0:26,70.46:65,9.25:12,30.01:32,23.45:24,36.26:35,18.69:19,22.33:23,60.66:48,24.5:26,43.36:35,31.47:28,43.37:35,45.65:38,25.26:27,49.26:41,36.77:39,14.01:17,70.39:64,49.55:41,58.81:47,24.6:27,62.4:57,44.34:35,43.45:35,36.45:35,34.75:28,59.69:52,26.65:23,59.85:51,24.6:27,38.23:37,22.52:25,20.09:20,70.41:65,0:0,19.84:22,54.33:46,29.18:26,41.52:34,6.01:8,24.35:25,31.74:29,8.51:12,21.88:24,33.52:35,29.19:25,25.01:28,38.13:36,49.89:44,25.66:26,31.74:29,45.41:47,33.01:28,50.72:44,49.19:40,1.53:4,10.51:10,11.09:13,32.5:30,53.46:45,24.57:26,11.05:11,70.11:64,33.76:34,29.52:25,14.3:15,18.84:19,19.54:21,57.62:56,20.62:20,36.5:36,43.05:38,41.83:35,43.49:35,52.24:44,17.26:18,20.09:20,39.0:29,111.84:87,13.77:14,22.12:20,22.0:24,16.62:18,56.61:49,29.45:25
21.51:20,62.27:59,18.68:17,11.59:16,6.91:9,20.14:22,10.11:11,17.45:22,38.51:40,6.41:8,21.15:21,18.17:20,21.15:21,37.46:33,7.03:9,29.81:31,18.36:22,30.29:28,62.2:59,30.1:31,47.47:44,19.72:26,54.21:52,19.36:19,21.24:21,22.0:23,26.56:22,51.49:46,18.1:17,51.65:45,19.72:26,25.75:30,2.69:3,17.52:21,62.22:59,19.84:22,0:0,46.14:41,26.33:25,33.33:29,25.46:23,6.24:8,23.25:23,27.97:27,22.49:23,38.88:32,30.46:27,20.13:27,23.68:24,41.69:38,22.3:27,23.25:23,26.99:31,24.82:23,42.53:38,41.0:34,23.4:19,22.78:24,30.55:28,24.02:24,45.27:40,6.48:8,24.43:25,61.91:58,23.12:28,21.03:19,18.2:19,10.17:11,3.34:4,44.39:47,15.74:19,19.96:21,38.51:32,39.17:33,21.28:21,44.05:39,6.61:7,17.52:21,20.39:22,97.08:81,27.15:28,29.16:28,32.89:32,3.53:4,48.42:44,20.96:20
23.04:26,26.92:27,60.56:53,51.69:54,50.59:47,24.69:26,38.99:37,26.33:33,35.7:37,50.09:47,38.88:42,61.85:59,38.89:41,9.61:10,50.71:48,28.5:32,52.34:54,68.39:59,27.4:24,28.09:32,2.36:5,23.96:28,18.42:18,39.87:41,38.97:42,60.14:62,20.24:19,26.08:22,29.59:26,13.45:10,23.96:28,21.07:22,46.46:40,39.51:32,26.87:26,54.26:46,46.33:41,0:0,68.49:67,13.28:14,60.5:50,49.92:47,21.09:22,62.89:55,28.95:36,18.69:23,76.93:64,25.9:27,62.71:63,11.12:13,37.77:30,21.09:22,60.88:62,22.29:24,10.47:12,5.47:8,54.4:44,51.56:40,63.6:50,22.87:24,24.46:24,50.16:47,48.12:38,26.57:26,23.17:24,23.37:26,47.2:33,38.87:37,49.68:45,36.44:33,32.88:31,24.93:26,13.57:18,14.24:19,39.02:42,7.29:8,47.11:41,39.51:32,32.73:34,85.44:70,47.87:37,40.48:31,44.21:35,49.0:45,4.02:7,23.47:27
43.67:45,75.48:84,22.47:19,17.93:21,18.32:20,42.15:45,33.34:37,44.65:41,54.62:59,19.38:22,34.05:38,7.06:8,34.05:38,59.62:59,20.14:23,46.53:50,18.57:22,31.19:30,75.42:83,46.82:51,82.18:65,46.93:46,76.37:77,30.84:33,34.14:38,12.03:15,48.72:48,64.71:70,40.26:43,73.81:71,46.93:46,47.77:54,23.15:26,42.42:39,75.44:83,31.31:25,26.33:25,68.3:67,0:0,55.49:55,32.79:27,19.23:21,45.41:49,33.83:31,44.2:42,55.85:54,10.78:10,47.33:46,11.91:13,63.85:64,47.98:44,45.41:49,23.4:26,46.98:49,64.69:64,63.16:60,30.47:23,38.2:29,37.87:32,46.18:49,58.49:64,19.45:22,38.74:29,75.13:82,45.13:52,43.19:45,36.62:34,33.39:37,22.85:24,61.81:65,42.94:39,41.97:45,60.67:58,65.2:54,34.18:38,66.21:64,28.56:29,42.42:39,40.34:43,100.46:96,41.46:33,49.82:39,49.69:42,24.87:25,70.58:69,43.12:45
10.35:14,32.39:35,47.87:41,39.0:42,37.9:36,12.0:14,26.3:25,18.57:21,24.07:27,37.4:35,26.19:30,49.15:48,26.2:30,4.73:6,38.02:36,17.65:20,39.65:42,55.7:48,32.87:32,17.23:20,17.46:19,16.2:16,21.49:25,27.18:30,26.28:30,47.45:51,7.55:8,21.73:23,16.9:14,18.93:18,16.2:16,8.37:10,33.76:28,26.82:21,32.35:34,41.57:34,33.64:29,13.41:14,55.8:55,0:0,47.81:38,37.23:35,8.4:10,50.2:43,21.19:24,17.85:16,64.24:52,17.66:19,50.02:52,8.97:12,21.44:23,8.4:10,48.19:50,9.6:12,9.8:12,10.74:12,41.71:32,41.37:34,51.01:41,10.18:13,16.51:17,37.47:36,42.31:35,32.04:34,10.48:12,10.68:15,29.51:23,26.18:25,36.99:33,27.77:30,20.18:19,12.24:14,17.48:16,18.14:18,26.33:30,11.32:12,34.42:30,26.82:21,20.04:23,90.91:78,46.07:35,38.68:29,42.42:33,36.31:33,15.7:17,10.78:15
36.27:29,76.72:69,9.75:11,33.24:33,26.67:24,42.53:39,24.95:23,28.59:26,66.93:51,27.73:26,49.63:38,34.7:28,49.63:38,51.92:42,28.49:28,55.53:44,40.0:39,8.65:10,76.66:68,55.82:45,63.3:49,30.87:31,68.67:61,41.57:40,49.72:38,39.68:36,41.02:31,65.95:55,32.92:27,66.11:54,30.87:31,44.5:40,28.21:26,26.36:24,76.68:68,6.01:7,25.53:22,62.89:49,32.41:26,47.79:38,0:0,27.58:26,38.01:33,3.15:5,28.15:27,39.79:39,32.41:25,31.27:31,41.36:37,56.15:48,31.93:29,38.01:33,48.64:48,39.28:32,56.99:47,55.46:43,6.6:7,14.99:13,6.23:6,38.77:33,59.73:49,27.8:27,15.53:13,76.37:67,40.03:37,35.78:29,20.56:19,25.1:23,22.77:22,63.89:60,26.89:24,42.77:40,47.53:41,46.31:38,49.76:39,58.51:48,22.61:23,26.36:24,45.27:33,118.1:91,18.25:17,26.6:23,26.48:26,24.06:22,62.88:53,35.71:29
25.04:25,58.53:63,19.61:20,5.5:8,1.41:2,22.95:24,14.71:16,22.04:27,37.77:39,0.16:0,17.19:17,12.66:14,17.2:17,40.99:38,0.94:2,29.58:30,12.27:15,31.23:31,58.47:62,29.87:30,51.0:50,24.32:32,57.74:57,14.01:13,17.28:17,16.5:17,30.09:28,47.76:50,21.63:22,55.18:51,24.32:32,28.56:32,4.52:6,22.11:26,58.49:63,23.13:24,6.19:7,49.67:46,19.31:21,36.86:34,26.4:26,0:0,26.78:28,28.91:30,27.09:29,42.41:37,27.5:26,24.72:32,18.18:18,45.23:44,26.89:32,26.78:28,20.9:23,28.35:28,46.06:44,44.53:40,24.34:22,32.08:28,31.48:31,27.55:29,41.54:43,0.23:0,32.62:28,58.18:62,25.93:30,24.56:25,23.32:25,14.76:16,6.66:9,44.96:45,20.33:25,22.77:23,42.04:37,42.7:39,17.33:18,47.58:44,12.05:14,22.11:26,22.92:21,90.22:80,35.34:32,34.28:34,38.01:38,9.72:12,51.95:49,24.49:25
2.78:5,36.92:40,38.41:36,37.81:35,28.15:30,5.66:9,16.55:19,12.15:16,23.38:26,27.65:29,19.85:25,39.41:42,19.86:25,12.11:14,28.27:30,16.96:20,38.45:36,46.24:42,36.85:39,16.55:20,24.84:26,10.3:12,28.87:32,20.84:25,19.94:25,43.24:44,2.19:4,26.15:27,7.15:8,26.31:26,10.3:12,7.69:10,24.02:22,17.36:15,36.88:40,32.11:29,23.9:23,20.79:22,46.05:49,7.99:9,38.36:33,27.48:29,0:0,40.74:38,19.96:17,15.43:14,54.78:47,11.79:15,44.92:45,16.35:19,15.54:18,0.0:0,47.08:44,2.29:7,17.18:19,17.55:16,32.25:27,31.91:29,41.56:35,2.39:4,19.92:20,0:0,32.85:30,36.57:39,3.3:7,3.11:6,20.06:17,16.44:19,27.24:27,27.08:29,10.44:13,5.9:10,15.06:14,15.72:15,19.99:25,18.7:19,24.67:24,17.36:15,13.7:18,88.86:78,36.61:30,29.23:24,32.96:28,26.56:27,23.08:24,3.21:6
39.07:34,79.53:73,11.71:14,36.17:37,29.61:29,45.34:44,27.76:28,31.4:31,69.74:56,30.66:31,52.43:43,35.89:33,52.44:43,54.72:47,31.42:33,58.33:49,42.93:44,7.61:9,79.46:73,58.63:50,66.1:54,33.68:35,71.48:66,44.5:44,52.52:43,42.61:41,43.83:36,68.76:60,35.72:32,68.92:59,33.68:35,47.31:45,31.14:30,29.17:29,79.49:73,8.94:12,28.46:27,65.7:53,33.6:31,50.6:43,3.73:6,30.51:31,40.82:37,0:0,30.95:32,42.6:43,33.6:29,34.08:36,43.78:41,58.96:52,34.74:34,40.82:37,51.57:52,42.09:37,59.79:52,58.26:48,9.41:12,17.8:18,3.7:7,41.58:38,62.54:54,30.73:31,18.33:18,79.18:72,42.83:42,38.59:34,23.37:24,27.91:28,25.7:26,66.7:65,29.69:28,45.58:44,50.34:46,49.12:43,52.57:43,61.32:52,25.54:28,29.17:29,48.08:38,120.91:96,21.05:22,29.41:28,29.29:31,26.99:27,65.69:58,38.52:34
19.19:14,49.84:54,28.29:30,29.23:38,24.55:31,19.07:26,9.54:14,3.24:5,49.86:36,24.04:31,32.55:24,35.8:43,32.56:23,23.72:28,24.66:31,38.45:29,46.01:36,36.12:37,49.77:53,38.74:30,29.79:36,5.14:8,40.47:47,33.54:23,32.64:24,39.64:45,14.14:17,39.07:41,7.63:11,37.92:40,5.14:8,24.24:25,19.3:23,1.98:4,49.8:54,21.99:24,19.18:24,28.79:34,45.01:43,20.91:23,28.23:27,23.88:30,20.93:18,30.62:32,0:0,12.26:16,44.66:41,5.1:8,41.32:46,27.96:33,4.88:7,20.93:18,54.55:44,12.3:17,28.79:33,23.32:26,22.13:22,19.25:21,31.43:30,21.7:18,32.85:34,24.11:31,20.19:22,49.49:53,22.95:22,18.71:14,10.11:10,9.43:14,22.52:28,43.63:45,4.16:5,19.3:26,18.01:21,17.51:22,32.69:24,30.31:33,16.21:22,1.98:4,28.19:18,101.03:76,23.95:22,16.57:16,20.3:20,19.43:24,32.55:38,18.64:14
17.38:18,47.49:43,49.06:40,52.76:44,43.09:39,20.67:23,18.43:26,11.04:16,40.22:37,42.59:38,44.66:32,54.35:51,44.67:32,16.82:18,43.21:39,33.8:31,53.39:45,51.86:47,47.97:40,33.39:30,22.57:21,9.84:13,39.0:34,45.65:32,44.75:32,58.19:53,14.43:12,39.36:36,22.09:18,34.03:26,9.84:13,24.53:20,38.96:32,14.81:21,47.45:42,41.39:36,38.84:32,18.29:21,56.39:57,17.49:17,45.53:38,42.43:38,15.43:15,47.92:43,13.11:17,0:0,56.03:55,8.02:9,59.86:54,21.06:23,11.83:15,15.43:15,62.03:53,15.09:15,21.89:23,13.72:16,39.38:32,31.88:28,43.92:39,17.2:17,33.14:30,42.66:39,28.43:26,47.14:41,18.3:21,17.71:19,27.52:22,18.32:26,42.18:37,43.92:40,12.4:17,20.9:24,6.17:6,4.27:7,44.8:32,23.41:23,25.1:35,14.81:21,40.3:26,106.01:86,28.18:25,20.8:19,24.53:23,30.7:38,26.21:24,17.81:19
52.64:43,93.1:82,22.97:19,28.44:27,26.42:24,50.61:49,41.33:37,44.97:40,65.07:65,27.48:26,44.5:43,17.78:18,44.5:43,68.29:56,28.24:28,56.88:56,29.29:32,0:0,0:0,0:0,82.51:64,47.25:44,85.05:74,41.32:39,44.59:43,22.75:25,57.4:45,82.33:69,49.29:40,82.49:68,47.25:44,60.88:54,33.16:30,42.74:38,93.06:82,31.81:25,30.47:27,76.97:64,10.72:10,64.17:52,33.29:26,27.33:26,54.39:46,34.33:31,44.52:41,56.17:52,0:0,47.65:45,22.63:23,72.53:61,48.31:43,54.39:46,34.11:36,55.66:46,73.36:61,71.83:57,30.96:22,38.7:28,38.37:31,55.15:47,76.11:62,27.55:26,39.24:28,92.75:81,56.4:51,52.16:43,36.94:33,41.48:37,27.72:26,72.26:71,43.26:37,50.43:48,69.35:55,65.52:53,44.63:44,74.89:61,32.97:30,42.74:38,50.22:47,111.18:106,41.96:32,50.32:38,50.19:41,29.01:26,79.26:67,52.09:43
15.93:16,46.52:49,31.65:34,30.1:40,25.42:33,17.07:24,10.42:17,3.02:6,36.61:37,24.92:33,33.7:29,36.68:45,33.7:29,21.0:21,25.54:34,30.19:31,39.96:42,39.48:41,49.14:47,29.78:31,27.07:29,1.82:3,37.75:39,34.68:29,33.79:29,40.52:48,10.82:12,35.75:36,7.5:13,35.2:33,1.82:3,20.92:21,20.18:26,7.02:12,46.48:49,25.35:28,20.06:27,26.07:27,48.37:47,17.63:19,31.59:32,24.75:33,11.83:15,33.98:36,5.31:8,7.92:9,48.02:45,0:0,42.19:49,25.24:26,4.03:6,11.83:15,48.6:50,8.98:13,26.07:26,20.6:19,25.49:26,22.78:27,34.79:34,13.61:17,29.53:30,24.99:33,23.71:28,46.17:48,14.71:21,15.45:15,13.63:16,10.3:16,23.4:31,40.31:40,4.38:7,17.3:24,13.66:15,13.17:16,33.83:29,27.59:26,17.09:25,7.02:12,29.34:23,102.17:81,26.02:27,18.64:21,22.37:25,22.69:28,29.83:31,15.38:16
42.53:42,67.2:71,32.79:30,16.77:15,17.19:16,37.78:37,32.2:33,39.53:44,46.34:46,18.25:18,25.76:25,8.07:8,25.77:25,53.72:55,19.01:20,38.24:38,10.69:10,41.48:41,67.13:70,38.53:38,68.5:67,41.81:48,70.47:74,22.55:21,25.85:25,4.13:6,47.58:44,56.43:58,39.12:39,62.78:68,41.81:48,43.39:45,22.02:23,39.6:43,67.15:71,38.18:36,23.68:24,62.39:63,12.08:13,49.59:51,41.45:38,18.09:18,44.28:45,43.95:42,44.58:46,59.9:54,22.86:23,42.21:49,0:0,57.95:60,44.39:49,44.28:45,11.49:13,45.85:45,58.78:60,62.02:57,40.78:34,48.52:39,46.53:43,45.04:46,50.2:51,18.32:18,49.06:40,66.85:70,40.76:44,42.05:42,42.52:39,32.25:33,21.71:21,53.53:52,37.82:41,37.47:36,59.53:54,60.19:56,25.9:25,60.31:61,29.54:30,39.6:43,32.06:31,88.55:83,51.78:43,53.48:47,57.21:51,28.9:27,64.68:66,41.98:42
18.76:23,25.71:30,56.28:51,47.4:51,46.3:45,20.4:24,34.7:35,26.98:30,26.17:29,45.8:45,34.26:38,57.56:57,34.6:39,5.26:8,46.42:46,21.4:25,48.06:52,64.1:57,26.19:27,21.27:25,15.2:18,24.61:26,14.8:20,35.58:39,34.63:39,55.86:60,15.96:17,17.57:22,25.3:24,12.25:13,24.61:26,15.22:17,42.17:38,35.22:30,25.67:29,49.97:44,42.05:39,11.16:13,64.2:65,8.99:12,56.22:48,45.63:45,16.81:20,58.61:53,29.6:33,21.08:23,72.64:61,25.3:26,58.43:61,0:0,29.12:32,16.81:20,56.59:60,18.01:22,1.21:3,12.68:14,50.11:42,49.78:44,59.42:50,18.58:22,14.93:17,45.87:45,50.71:45,25.36:28,18.89:22,19.08:24,37.92:32,34.59:35,45.39:43,28.78:32,28.59:29,20.64:24,25.11:24,25.78:26,33.98:38,4.64:7,42.83:39,35.22:30,28.44:32,84.23:73,54.48:45,47.09:39,50.82:42,44.71:43,13.44:16,19.19:24
15.26:18,50.51:53,32.03:32,32.28:41,27.6:34,20.83:27,12.59:17,5.24:7,40.37:41,27.09:33,36.61:28,38.85:45,36.61:28,22.85:24,27.71:34,33.95:35,42.49:42,39.86:39,50.99:50,33.54:34,30.97:31,5.58:7,39.6:43,37.59:28,36.7:28,42.69:48,14.58:16,39.51:40,10.03:13,37.04:37,5.58:7,24.68:24,22.35:26,6.69:10,50.46:53,25.73:26,22.23:27,27.91:30,48.75:45,19.48:22,31.97:30,26.93:33,15.59:19,34.36:34,4.98:7,8.83:10,48.4:43,4.15:6,44.37:49,27.08:30,0:0,15.59:19,51.12:50,12.74:17,27.91:30,22.44:23,25.87:24,20.14:23,35.17:32,17.37:21,33.29:34,27.16:33,21.08:24,50.16:52,18.47:25,14.78:18,10.99:12,12.48:16,25.57:31,44.07:44,6.56:7,21.07:28,14.58:16,14.08:17,36.74:28,29.44:30,19.26:25,6.69:10,32.25:22,105.08:81,23.39:23,16.0:17,19.73:21,26.5:27,31.68:34,14.71:18
2.78:5,36.92:40,38.41:36,37.81:35,28.15:30,5.66:9,16.55:19,12.15:16,23.38:26,27.65:29,19.85:25,39.41:42,19.86:25,12.11:14,28.27:30,16.96:20,38.45:36,46.24:42,36.85:39,16.55:20,24.84:26,10.3:12,28.87:32,20.84:25,19.94:25,43.24:44,2.19:4,26.15:27,7.15:8,26.31:26,10.3:12,7.69:10,24.02:22,17.36:15,36.88:40,32.11:29,23.9:23,20.79:22,46.05:49,7.99:9,38.36:33,27.48:29,0.0:0,40.74:38,19.96:17,15.43:14,54.78:47,11.79:15,44.92:45,16.35:19,15.54:18,0:0,47.08:44,2.29:7,17.18:19,17.55:16,32.25:27,31.91:29,41.56:35,2.39:4,19.92:20,27.72:30,32.85:30,36.57:39,3.3:7,3.11:6,20.06:17,16.44:19,27.24:27,27.08:29,10.44:13,5.9:10,15.06:14,15.72:15,19.99:25,18.7:19,24.67:24,17.36:15,13.7:18,88.86:78,36.61:30,29.23:24,32.96:28,26.56:27,23.08:24,3.21:6
44.6:40,63.6:70,41.88:43,15.35:14,22.16:25,36.36:36,37.24:36,46.18:45,40.24:45,20.82:23,21.92:24,19.37:21,21.58:23,52.3:54,20.79:23,34.64:37,9.15:9,53.5:53,63.53:70,34.93:38,70.56:65,52.18:47,65.67:74,21.01:20,21.67:23,12.34:15,49.65:43,52.83:57,41.19:38,59.17:67,52.18:47,41.97:45,25.27:29,51.83:43,63.55:70,45.4:47,26.94:30,60.98:62,23.38:26,48.17:50,48.67:48,21.01:23,46.34:44,51.18:52,54.43:45,61.97:53,34.15:36,48.86:50,11.79:13,56.53:60,51.04:50,46.34:44,0:0,47.91:44,57.37:60,64.08:55,46.61:44,54.35:50,53.75:53,47.1:44,46.6:51,20.89:23,54.89:50,63.25:69,39.34:43,44.12:40,46.1:45,37.3:36,28.94:31,47.92:49,44.47:42,35.93:36,61.6:53,62.26:54,22.3:25,58.89:60,32.8:37,51.83:43,30.52:30,74.38:73,57.61:54,63.7:51,67.43:55,30.47:35,63.26:65,44.05:40
5.28:10,38.53:43,39.86:36,39.55:36,29.89:30,8.57:15,18.29:20,9.86:15,28.62:31,29.39:30,31.46:24,41.15:42,31.47:23,13.73:16,30.01:31,22.21:24,40.19:36,47.69:42,38.47:42,21.79:24,24.55:29,7.48:10,30.48:35,32.44:23,31.55:24,44.98:45,2.24:5,27.76:30,8.89:9,27.92:29,7.48:10,12.93:14,25.76:23,18.81:15,38.49:43,33.56:29,25.64:24,22.41:24,47.79:50,9.6:12,39.81:33,29.22:30,3.33:7,42.19:38,12.47:18,15.96:16,56.23:46,8.98:13,46.66:46,17.96:22,12.73:17,3.33:7,48.82:45,0:0,18.79:22,18.08:19,33.7:27,33.36:29,43.01:35,5.11:9,21.54:23,29.46:30,34.3:30,38.18:42,6.21:13,9.5:10,21.51:17,18.18:20,28.98:28,32.33:33,12.18:14,8.81:16,15.59:16,16.25:18,31.59:24,20.32:22,26.41:24,18.81:15,27.1:18,99.94:76,38.06:29,30.68:24,34.41:27,28.3:28,24.69:27,9.42:10
19.55:23,24.61:27,57.07:50,48.2:51,47.1:45,21.2:24,35.5:35,27.77:30,27.12:31,46.6:45,35.39:39,58.35:57,35.4:39,6.05:8,47.22:46,22.35:27,48.85:52,64.9:57,25.09:25,22.22:27,15.56:17,25.4:26,13.71:17,36.38:39,35.48:39,56.65:60,16.75:17,18.52:24,26.1:24,11.15:11,25.4:26,16.17:19,42.96:38,36.02:30,24.57:27,50.77:44,42.84:39,11.67:13,65.0:65,9.79:12,57.01:48,46.43:45,17.6:20,59.4:52,30.39:33,21.87:23,73.44:61,26.1:26,59.22:61,1.21:3,29.91:32,17.6:20,57.39:60,18.8:22,0:0,13.47:14,50.91:42,50.57:44,60.21:50,19.38:22,15.88:19,46.67:45,51.51:45,24.26:26,19.68:21,19.88:24,38.71:32,35.38:34,46.19:43,29.73:34,29.38:29,21.43:24,25.91:24,26.57:26,35.53:40,3.54:4,43.62:39,36.02:30,29.24:32,83.13:70,55.27:44,47.88:38,51.62:42,45.51:43,11.6:15,19.98:24
19.85:21,31.74:33,55.54:46,55.23:47,45.57:41,22.28:24,33.96:31,21.04:25,34.35:36,45.06:41,47.14:34,56.82:53,47.14:34,9.82:9,45.69:42,27.93:30,55.86:47,63.37:53,32.22:31,27.52:30,6.56:10,18.67:20,23.25:24,48.12:34,47.23:34,60.66:56,16.9:14,30.91:29,24.56:20,18.28:17,18.67:20,18.66:20,41.43:34,34.49:26,31.7:33,49.24:40,41.31:35,5.55:8,63.47:60,10.77:12,55.48:44,44.9:41,17.9:17,57.87:48,23.66:28,16.38:16,71.9:57,20.61:19,62.34:57,12.82:15,24.42:25,17.9:17,64.5:56,17.56:18,13.63:15,0:0,49.37:38,49.04:40,58.68:46,19.68:19,24.89:24,45.13:41,39.41:41,31.39:32,20.76:22,20.18:21,37.18:28,33.85:30,44.66:39,38.05:39,27.85:25,22.52:24,9.03:12,9.69:14,47.27:35,12.12:15,42.09:35,34.49:26,42.78:29,90.26:76,39.16:40,31.77:34,35.5:38,43.97:39,10.41:14,20.28:22
30.02:23,70.48:63,12.77:10,33.79:31,27.22:23,36.29:33,18.71:17,22.35:21,60.68:45,28.28:25,43.38:33,35.0:27,43.39:33,45.67:36,29.04:27,49.28:39,40.55:38,14.39:16,70.41:62,49.57:39,56.93:43,24.63:25,62.42:55,44.36:33,43.47:33,40.23:35,34.77:25,59.71:50,26.67:21,59.87:49,24.63:25,38.25:35,22.72:24,20.11:18,70.43:62,1.52:4,20.03:21,56.52:43,32.71:25,41.54:32,6.5:7,28.13:25,31.76:27,8.89:12,21.9:22,33.54:33,32.71:23,25.03:26,42.89:35,49.91:42,25.68:24,31.76:27,49.19:46,33.03:26,50.74:42,49.21:38,0:0,8.63:7,12.4:11,32.52:27,53.48:43,28.35:25,9.16:7,70.13:62,33.78:32,29.54:23,14.32:13,18.86:17,23.32:20,57.65:54,20.64:18,36.52:34,41.17:35,39.95:32,43.51:33,52.26:42,17.46:17,20.11:18,39.02:27,111.86:85,11.88:11,20.24:17,20.11:20,16.82:17,56.63:47,29.47:23
29.4:24,74.78:61,18.35:16,39.36:37,32.8:28,35.66:34,21.38:21,22.73:24,60.06:46,33.85:30,42.76:34,40.57:32,42.77:33,45.05:37,29.56:33,48.66:39,46.12:43,22.71:23,75.26:59,48.95:40,49.86:40,23.21:26,66.29:52,43.74:33,42.85:34,45.8:40,34.15:26,59.09:50,26.05:22,61.32:45,23.21:26,37.63:35,25.22:27,16.32:18,74.74:61,10.68:11,22.53:23,49.45:39,38.28:30,40.92:33,14.82:14,33.7:30,31.14:28,17.21:19,18.98:20,31.83:28,38.28:29,23.17:26,48.46:40,49.29:43,20.07:22,31.14:28,54.76:52,32.41:27,50.12:43,48.59:39,8.67:8,0:0,18.02:16,31.9:28,52.86:44,33.92:31,1.9:3,74.43:60,33.16:32,28.92:24,12.38:14,21.53:21,22.82:27,57.02:55,21.02:21,35.9:35,34.09:31,32.88:28,42.89:34,51.64:43,19.96:19,16.32:18,38.4:28,111.24:86,4.06:7,13.17:13,13.04:17,19.32:20,53.5:43,28.85:24
39.38:32,79.84:71,14.67:16,38.31:38,31.74:30,45.65:42,28.07:25,31.71:29,70.05:54,32.8:32,52.75:41,39.77:34,52.75:41,55.03:44,33.56:34,58.64:47,45.07:45,7.94:8,79.77:70,58.94:47,61.6:50,33.99:33,71.79:63,53.73:41,52.84:41,44.75:41,44.14:34,69.07:58,36.03:29,73.06:55,33.99:33,47.62:43,33.28:31,29.48:26,79.8:71,11.08:13,30.59:28,61.19:49,37.48:32,50.91:40,6.14:5,32.64:31,41.13:35,3.4:5,31.26:30,43.58:38,37.48:31,34.39:34,46.43:42,59.27:50,35.05:32,41.13:35,53.71:53,42.4:34,60.1:50,58.57:46,11.91:10,18.11:15,0:0,41.89:36,62.85:51,32.87:32,18.65:16,79.49:70,43.14:40,38.9:31,23.68:21,28.22:26,27.84:27,67.01:62,30.0:26,45.89:42,45.84:41,44.62:38,52.88:41,61.63:50,28.28:26,29.48:26,48.39:35,121.22:93,18.93:18,24.91:23,24.79:27,27.64:26,65.25:53,38.83:32
4.2:7,38.33:43,39.83:38,31.72:37,29.57:32,4.72:9,17.96:21,13.56:18,22.93:27,29.06:31,18.92:25,40.82:44,18.92:25,14.41:17,27.19:33,16.51:20,32.38:37,47.65:44,38.26:42,16.1:20,27.13:30,12.59:16,31.16:36,19.9:25,19.01:25,40.18:46,4.48:8,27.56:30,8.56:11,28.6:30,12.59:16,7.24:10,25.43:24,18.77:18,38.29:43,33.53:31,25.31:25,23.09:25,47.47:51,10.28:13,39.77:35,28.9:31,2.31:4,42.16:40,21.37:19,17.72:17,56.19:49,14.09:18,42.75:47,18.64:23,17.84:22,2.31:4,40.91:46,4.58:10,19.47:23,19.84:20,33.66:29,33.33:31,42.97:38,0:0,21.34:23,29.13:32,34.26:32,37.98:42,1.83:5,4.53:8,21.47:20,17.85:21,28.66:30,26.63:30,11.85:15,4.96:10,17.35:18,18.01:19,19.05:25,21.0:23,26.09:26,18.77:18,12.76:18,87.93:78,38.03:32,30.64:26,34.37:30,27.97:29,25.37:28,4.63:8
22.35:25,17.0:19,59.86:52,42.82:46,42.83:46,18.53:21,38.29:36,30.57:32,12.36:16,41.49:43,25.19:28,51.48:56,25.64:29,14.34:15,41.25:43,12.33:14,40.2:43,67.69:58,16.93:19,12.2:14,28.57:29,28.19:27,19.48:23,27.72:30,25.57:29,48.0:51,19.55:18,6.23:6,28.89:25,13.06:17,28.19:27,12.79:13,45.76:39,38.81:31,16.95:19,53.56:45,45.64:40,24.52:25,58.47:64,16.56:17,59.81:49,41.68:44,20.4:21,62.19:54,33.18:35,33.33:29,76.23:63,29.69:30,50.57:52,14.92:17,33.44:33,20.4:21,46.62:51,21.59:23,15.87:19,24.83:24,53.7:43,53.36:45,63.01:52,22.17:24,0:0,41.56:44,54.3:46,16.65:18,21.29:22,22.67:25,41.51:33,38.18:36,48.98:44,13.85:15,32.18:30,18.8:22,32.96:29,33.63:31,24.91:27,21.68:22,46.41:40,38.81:31,24.46:27,72.07:63,58.06:46,50.68:40,54.41:44,48.3:44,26.8:27,22.78:26
25.2:26,58.51:63,19.77:21,5.48:8,1.56:3,22.93:24,14.86:17,22.19:28,37.75:39,0.22:0,17.17:18,12.82:15,17.18:17,41.14:39,0.92:2,29.55:30,12.24:15,31.38:31,58.44:62,29.85:30,51.16:50,24.47:32,57.9:58,13.99:13,17.26:18,16.65:17,30.24:28,47.74:50,21.78:23,55.34:51,24.47:32,28.54:32,4.68:7,22.26:27,58.47:63,23.28:25,6.34:8,49.82:47,19.46:22,37.02:35,26.55:26,0.41:1,26.94:29,29.06:30,27.24:30,42.56:38,27.65:26,24.87:33,18.33:18,45.38:44,27.05:33,26.94:29,20.88:23,28.51:29,46.21:44,44.68:40,24.5:23,32.23:28,31.64:31,27.7:30,41.52:43,0:0,32.77:29,58.16:62,25.91:30,24.71:25,23.47:26,14.92:17,6.82:9,44.93:45,20.49:25,22.75:23,42.19:38,42.85:39,17.31:18,47.73:44,12.2:14,22.26:27,22.9:22,90.19:80,35.49:32,34.43:35,38.16:39,9.87:13,52.11:50,24.64:25
30.5:26,71.13:59,19.08:16,40.09:36,33.53:28,36.76:36,22.73:23,23.83:26,61.16:48,34.59:30,43.86:35,41.3:32,43.86:35,46.15:39,35.35:32,49.76:41,46.86:43,23.44:23,71.61:56,50.05:42,46.2:37,24.31:28,62.63:50,44.84:35,43.95:35,46.54:40,35.25:28,60.18:52,27.15:24,57.66:43,24.31:28,38.73:37,26.57:29,17.42:20,71.08:59,11.42:11,23.88:26,45.8:36,39.01:30,42.02:35,15.56:14,34.43:30,32.24:30,17.94:18,20.08:22,28.18:26,39.02:29,24.27:28,49.19:40,50.38:45,21.17:24,32.24:30,55.49:51,33.51:29,51.21:44,38.92:40,9.4:8,1.35:2,18.76:16,33.0:30,53.96:46,34.66:30,0:0,70.78:58,34.26:34,30.01:26,13.73:16,22.88:23,29.62:26,58.12:57,22.12:23,37.0:37,30.44:29,29.22:26,43.99:36,51.5:40,21.31:22,17.42:20,39.5:30,112.33:88,2.16:4,9.51:11,13.24:15,20.67:22,49.85:40,29.94:26
39.0:43,0.35:1,76.51:70,59.47:64,59.48:64,35.18:40,54.94:55,47.22:50,25.17:30,58.14:62,41.84:46,68.13:74,42.29:47,28.32:30,57.9:62,28.98:32,56.85:61,84.34:77,0.82:1,28.85:33,30.17:30,44.84:46,17.43:18,44.37:49,42.21:47,64.65:70,36.2:37,10.42:12,45.54:44,13.51:17,44.84:46,29.44:32,62.41:58,55.46:50,0.31:0,70.21:64,62.29:59,26.28:26,75.12:82,32.06:34,76.46:68,58.33:62,37.05:40,78.84:72,49.83:53,48.45:43,92.88:81,46.34:48,67.22:71,25.46:29,50.09:52,37.05:40,63.27:69,38.24:42,24.36:26,31.77:33,70.35:62,74.95:60,79.66:70,38.82:42,16.65:18,58.21:62,71.51:58,0:0,37.94:40,39.32:44,58.16:52,54.83:54,65.63:63,19.2:23,48.83:49,35.45:41,42.37:41,42.82:39,41.56:46,20.77:21,63.06:59,55.46:50,41.11:45,62.05:58,71.26:57,63.88:52,67.61:55,64.95:63,28.56:29,39.43:44
5.16:10,38.13:41,40.79:41,30.18:34,27.24:33,3.18:6,18.93:24,14.53:21,22.73:25,25.89:30,17.38:22,38.49:45,17.38:22,14.47:16,25.65:30,16.32:19,30.83:34,48.62:47,38.07:41,15.9:18,27.2:28,13.49:18,31.22:34,18.36:22,17.47:22,38.64:43,5.38:11,27.36:28,9.53:14,28.67:28,13.49:18,7.04:8,23.32:27,19.74:21,38.09:41,34.49:34,23.2:28,23.15:24,45.14:52,10.34:12,40.73:38,26.08:31,3.21:6,43.12:43,22.34:23,18.62:20,57.16:52,14.99:21,41.2:44,18.71:21,18.74:25,3.21:6,39.37:43,5.48:13,19.54:21,20.59:21,34.63:32,34.29:34,43.93:41,1.92:5,21.14:22,25.96:30,35.23:35,37.78:40,0:0,5.49:11,22.44:23,18.82:24,26.54:33,26.43:28,12.82:18,3.42:7,18.25:20,18.91:22,17.51:22,21.06:21,23.97:29,19.74:21,11.22:15,86.39:75,38.99:35,31.61:29,35.34:33,25.86:32,25.43:27,5.59:11
0.56:0,39.59:45,35.96:32,35.36:31,25.7:26,7.47:13,14.09:15,9.69:12,25.2:30,25.19:25,27.56:20,36.95:38,27.56:20,14.79:19,25.81:26,18.78:24,35.99:32,43.78:38,39.53:44,18.36:23,31.54:30,13.16:12,31.54:37,28.54:20,27.64:20,40.79:40,10.63:8,28.82:32,4.69:4,28.98:31,13.16:12,9.5:13,21.56:18,14.9:11,39.55:45,29.66:25,21.44:19,23.46:27,43.6:45,10.66:15,35.9:29,25.03:25,3.01:6,38.29:34,17.5:13,22.95:17,52.32:43,14.66:14,42.47:41,19.02:24,14.55:17,3.01:6,44.63:40,8.89:8,19.85:24,25.06:20,29.79:23,29.46:25,39.1:32,3.78:6,22.6:25,25.26:26,30.39:26,39.24:44,5.03:10,0:0,17.6:13,13.98:15,24.79:24,28.9:33,7.98:9,7.71:13,22.57:17,23.24:19,27.69:20,21.38:24,22.22:20,14.9:11,23.2:14,96.03:72,34.16:26,26.77:20,30.5:24,24.1:23,25.75:29,1.89:4
18.08:14,58.53:53,20.45:21,28.7:33,27.7:25,24.34:24,9.29:10,10.64:11,48.74:36,23.52:26,31.44:23,36.87:35,31.44:23,33.73:27,24.14:27,37.34:29,37.29:37,28.28:28,58.47:52,37.63:30,45.17:33,12.92:15,50.48:45,32.42:23,31.53:23,40.71:37,22.83:16,47.76:40,14.73:11,47.92:39,12.92:15,26.31:25,18.77:19,6.86:7,58.49:53,14.15:15,18.13:19,44.76:32,37.17:34,29.6:23,20.39:19,23.35:26,19.82:17,22.78:23,9.87:10,18.83:21,36.81:32,14.07:15,42.39:38,37.96:32,10.97:12,19.82:17,45.92:45,21.09:17,38.8:32,37.27:28,14.28:13,12.64:15,23.59:21,20.58:18,41.54:33,23.58:26,14.29:15,58.18:52,21.84:22,17.59:14,0:0,9.44:10,18.41:23,45.7:45,8.93:8,24.58:24,29.41:24,28.19:21,31.57:23,40.32:32,12.67:16,6.86:7,27.08:17,99.91:76,17.95:16,10.56:10,14.3:14,14.92:16,48.82:36,17.52:14
14.2:16,54.95:55,24.66:25,20.13:25,15.45:18,17.79:19,0.11:0,7.71:12,38.62:38,14.95:17,21.27:20,26.71:29,21.27:19,30.14:29,15.57:18,29.93:29,28.7:27,32.48:31,54.88:55,30.22:30,40.16:40,9.99:16,46.9:48,19.96:18,21.36:20,30.54:32,19.25:18,44.18:42,7.96:13,44.34:41,9.99:16,22.43:27,10.2:10,7.78:10,54.91:55,18.35:18,10.08:11,38.82:37,33.35:37,26.02:25,24.6:22,14.78:17,15.94:19,26.99:27,12.75:13,19.95:25,41.02:36,10.39:16,32.22:33,34.38:34,12.56:16,15.94:19,37.33:36,17.51:19,35.21:34,33.68:30,18.49:16,21.3:21,27.8:25,16.7:20,37.96:36,15.02:17,22.94:21,54.6:54,17.96:24,13.72:15,8.9:9,0:0,13.43:15,41.82:46,6.0:9,17.61:19,31.19:28,35.42:27,21.4:20,36.74:34,7.11:9,7.78:10,19.86:19,101.43:77,27.25:24,19.86:18,23.59:22,11.1:14,41.11:40,13.64:16
24.86:24,65.61:64,15.98:17,13.5:16,6.94:8,23.48:26,13.46:15,20.79:26,41.85:44,8.0:10,23.63:25,16.11:17,23.64:25,40.8:37,8.12:11,33.15:35,20.27:23,27.59:27,65.54:63,33.44:36,50.82:49,23.07:30,57.56:56,20.45:21,23.72:25,19.94:19,29.9:26,54.84:51,21.44:21,55.0:49,23.07:30,29.1:34,6.03:7,20.86:25,65.57:63,19.5:21,3.34:4,49.48:45,22.75:24,36.68:33,22.77:22,7.84:9,26.6:27,25.27:26,25.84:28,42.22:36,27.52:26,23.47:31,21.62:20,45.04:43,25.64:31,26.6:27,28.9:31,28.17:27,45.87:43,44.34:39,20.71:19,28.45:24,27.85:27,27.36:28,48.61:44,8.07:10,28.98:25,65.26:63,26.47:32,24.37:24,18.82:23,13.51:15,0:0,47.73:52,19.08:23,23.3:26,41.85:36,42.51:38,23.76:26,47.39:43,7.84:11,20.86:25,23.73:26,100.43:86,31.7:28,29.78:32,33.51:36,4.15:8,51.77:48,24.3:24
28.69:32,19.19:23,64.32:63,46.12:47,46.23:47,25.11:27,44.48:46,41.3:42,7.84:9,44.88:45,28.05:29,54.78:57,28.5:30,29.25:31,44.64:44,14.91:17,43.49:44,72.14:69,19.81:23,15.2:18,40.57:38,38.93:37,29.29:30,31.02:31,28.43:30,51.3:52,30.28:29,10.48:11,33.05:36,22.89:25,38.93:37,19.37:19,42.28:45,43.27:43,19.35:23,58.02:56,44.56:48,36.68:34,61.77:65,27.76:29,64.26:60,45.08:45,26.74:28,66.65:65,45.86:44,44.07:39,72.32:71,40.42:40,53.86:53,29.83:32,44.17:44,26.74:28,47.85:49,32.33:33,30.78:34,38.0:39,58.15:54,57.82:56,67.46:63,28.01:30,12.92:16,44.95:45,58.76:57,19.18:22,26.59:28,29.02:33,45.96:45,42.34:46,47.9:52,0:0,36.34:40,25.38:28,43.7:40,44.36:41,28.21:28,31.17:30,47.73:48,43.27:43,33.11:28,58.23:55,62.52:57,55.13:51,58.87:55,48.09:52,38.97:37,29.12:33
8.71:10,49.46:50,27.27:27,25.72:33,21.04:26,14.91:20,6.03:9,1.71:2,46.62:34,20.54:25,29.32:21,32.3:38,29.32:21,24.66:23,21.16:26,35.22:27,35.93:34,35.09:33,49.4:49,35.51:28,28.64:35,3.99:6,41.41:42,30.3:21,29.41:21,36.13:40,13.76:12,38.69:37,3.47:5,38.85:36,3.99:6,16.94:21,15.79:18,6.25:6,49.42:49,20.97:20,15.67:19,27.63:33,43.99:39,20.53:19,27.21:24,20.37:25,10.45:13,29.6:29,4.16:5,13.95:16,43.63:38,4.39:7,37.81:41,28.89:29,6.56:7,10.45:13,44.57:42,12.02:13,29.72:29,22.16:25,21.1:18,21.1:22,30.41:26,11.22:14,32.47:30,20.61:26,22.04:23,49.11:49,12.47:18,8.23:10,8.94:8,5.92:9,19.02:23,36.34:41,0:0,15.15:20,19.69:21,19.2:22,29.45:21,31.25:29,12.7:17,6.25:6,24.96:15,97.79:74,25.8:23,18.41:17,22.15:21,18.31:20,35.62:34,8.16:10
7.53:13,35.74:42,38.65:39,26.96:27,24.02:26,0.44:0,17.51:19,16.54:23,20.28:23,22.67:23,13.96:15,35.27:38,13.96:15,16.38:18,22.43:23,11.29:13,27.42:27,50.27:50,35.67:41,11.58:14,29.11:31,15.87:21,33.13:37,14.94:15,14.05:15,35.22:36,7.76:13,24.97:29,11.54:15,30.58:30,15.87:21,5.98:9,20.1:20,21.94:23,35.7:41,36.69:36,19.98:21,25.06:26,41.92:45,12.25:14,42.93:40,22.87:24,5.59:9,45.32:45,24.54:24,21.0:23,50.43:48,17.37:24,37.79:37,20.62:24,21.11:27,5.59:9,35.95:36,7.86:16,21.45:24,22.5:24,36.83:34,36.49:36,46.13:43,4.97:10,18.74:22,22.74:24,37.43:37,35.39:41,3.42:7,7.86:14,24.64:25,17.56:19,23.32:26,25.35:28,14.83:20,0:0,20.63:23,21.29:25,14.09:15,22.97:24,20.75:22,21.94:23,7.8:8,82.97:68,41.19:37,33.81:31,37.54:35,22.64:25,27.34:29,7.38:13
18.79:19,40.79:39,51.0:41,54.16:45,44.5:40,22.07:24,32.9:29,18.11:22,41.63:38,44.0:40,46.07:33,55.76:52,46.08:33,17.3:20,44.62:41,35.21:32,54.8:46,53.8:49,41.27:36,34.8:32,15.87:17,17.6:19,32.3:30,47.05:33,46.16:33,59.6:54,15.83:13,39.96:34,23.5:19,27.33:23,17.6:19,25.94:21,40.37:33,30.89:24,40.75:39,43.34:37,40.25:34,15.46:16,67.22:56,18.9:18,47.48:39,43.83:39,16.84:16,49.87:44,20.19:24,7.37:7,66.86:54,15.09:16,61.27:55,21.54:26,20.03:20,16.84:16,63.44:54,16.5:16,24.35:24,9.48:13,41.32:34,33.82:30,45.86:40,18.61:18,34.54:31,44.07:40,30.38:28,40.44:38,19.71:22,19.11:20,29.46:23,32.79:29,43.59:38,45.33:41,19.47:24,22.31:25,0:0,0.66:1,46.21:33,21.17:20,41.03:34,30.89:24,41.71:28,99.31:82,30.13:27,22.74:21,26.47:25,42.91:37,19.51:20,19.22:20
19.11:20,42.07:39,50.34:40,54.48:46,44.82:41,22.4:25,36.45:27,18.43:23,41.95:39,44.32:40,46.39:34,56.08:52,46.4:34,17.51:21,44.94:41,35.53:32,55.12:47,53.14:47,42.55:37,35.12:32,17.14:17,17.93:19,33.57:30,47.38:34,46.48:34,59.92:55,16.16:14,41.24:34,23.82:19,28.6:23,17.93:19,26.26:22,40.69:33,30.22:22,42.02:39,42.68:35,40.57:34,16.74:17,66.56:55,19.22:18,46.82:38,44.16:40,17.16:17,49.2:43,20.51:25,7.69:7,66.2:53,15.41:17,61.59:56,21.75:26,19.37:19,17.16:17,63.76:55,16.82:17,25.62:25,9.7:14,40.66:32,33.16:28,45.2:39,18.93:19,34.86:31,44.39:41,29.71:26,41.72:38,20.03:22,19.43:21,28.8:22,36.34:27,43.91:38,45.65:42,19.8:24,22.63:25,1.22:2,0:0,46.53:34,22.44:21,41.35:34,30.22:22,42.03:28,100.59:82,29.47:25,22.08:19,25.81:23,44.31:36,20.79:20,19.54:21
28.24:22,42.71:49,37.23:40,18.91:21,19.02:22,14.96:18,21.79:22,29.89:27,20.7:22,17.68:19,0.37:1,27.57:31,0.82:2,30.89:36,17.43:19,13.75:15,16.29:18,48.84:50,42.64:48,14.05:16,43.62:48,35.53:28,44.79:52,3.81:6,0.74:2,24.09:26,33.0:24,31.94:35,24.89:20,38.29:45,35.53:28,22.75:25,19.58:21,30.42:24,42.67:48,45.17:38,21.86:23,39.57:44,34.56:39,26.77:32,51.41:41,17.87:20,20.1:27,53.8:46,33.02:26,45.32:34,45.11:45,37.03:31,26.66:27,34.77:40,36.98:30,20.1:27,22.36:26,31.26:25,35.96:41,47.43:37,45.31:36,44.97:37,54.61:44,19.49:27,25.72:29,17.75:19,45.91:39,42.36:47,17.94:24,27.76:22,33.11:26,21.84:22,24.2:27,27.89:28,28.18:25,14.51:17,44.94:34,45.61:36,0:0,37.48:41,25.04:24,30.42:24,9.1:11,73.15:64,49.67:38,42.28:32,46.02:36,25.39:28,41.86:46,27.69:22
21.08:23,21.09:23,58.59:51,49.72:51,48.62:45,22.72:24,37.02:35,29.3:30,32.92:34,48.12:45,36.92:39,59.88:57,36.92:39,7.57:8,48.74:46,26.54:30,50.37:52,66.42:57,21.57:20,26.12:30,12.04:12,26.92:26,10.19:13,37.9:39,37.01:40,58.18:60,18.28:17,20.26:18,27.62:24,7.63:6,26.92:26,19.1:20,44.49:38,37.54:30,21.05:22,52.29:44,44.37:39,8.15:8,66.52:65,11.31:12,58.54:48,47.95:45,19.13:20,60.92:53,31.91:33,23.39:23,74.96:62,27.62:26,60.74:61,4.71:7,31.43:32,19.13:20,58.91:60,20.32:22,3.61:4,14.99:14,52.43:42,52.09:44,61.74:50,20.9:22,20.4:22,48.19:45,53.38:41,20.74:21,21.21:22,21.4:24,40.24:32,36.91:35,47.71:43,30.62:29,30.91:29,22.96:24,24.24:24,24.7:22,37.05:40,0:0,45.14:39,37.54:30,30.76:32,79.61:66,53.14:40,45.75:34,49.48:38,47.03:43,8.45:11,21.51:24
22.29:20,63.04:60,18.15:19,17.37:22,12.69:15,20.92:22,7.11:9,14.45:20,41.75:41,12.19:14,24.39:22,23.95:27,24.4:22,38.24:33,12.81:15,33.05:32,24.14:28,29.76:30,62.98:59,33.34:32,48.25:45,16.73:24,54.99:52,23.08:21,24.48:22,27.79:29,27.34:22,52.27:47,18.87:17,52.43:46,16.73:24,26.53:30,7.45:7,14.52:19,63.0:59,17.28:18,6.61:7,46.92:41,28.56:29,34.11:29,22.61:23,12.02:14,24.03:23,25.12:28,19.49:22,26.69:34,32.77:30,17.13:25,29.46:30,42.47:39,19.3:25,24.03:23,32.77:37,25.6:23,43.3:39,41.77:35,17.49:17,20.22:20,28.38:26,24.79:24,46.05:40,12.26:15,21.87:21,62.69:59,23.9:29,21.81:20,12.68:16,7.17:9,7.5:11,47.63:48,12.74:17,20.74:22,39.29:32,39.95:34,24.52:22,44.83:39,0:0,14.52:19,22.98:22,100.33:82,24.59:25,23.64:25,27.37:29,3.99:4,49.2:44,21.74:20
15.43:12,55.89:51,26.43:27,27.37:34,22.69:27,21.7:22,7.68:10,5.19:9,46.1:34,22.18:27,28.8:21,33.94:39,28.8:21,31.09:25,22.8:28,34.7:27,42.25:33,34.26:33,55.83:50,34.99:28,44.63:33,6.9:11,47.84:43,29.78:21,28.89:21,37.78:42,20.19:14,45.12:38,12.09:9,45.28:37,6.9:11,23.67:23,17.44:19,0.0:0,55.85:51,20.13:20,17.32:20,39.77:33,43.15:39,26.96:21,26.37:24,22.02:27,17.18:15,28.76:29,1.98:4,14.02:19,42.8:37,6.86:11,39.46:42,35.32:30,6.64:10,17.18:15,50.79:42,18.45:15,36.15:30,34.62:26,20.27:18,16.59:19,29.57:26,17.94:16,38.9:31,22.25:27,17.52:20,55.54:50,19.19:20,14.95:12,6.81:7,7.57:10,20.66:25,43.06:43,6.29:6,21.94:22,19.77:25,27.65:21,28.93:21,37.68:30,14.35:19,0:0,24.44:15,97.27:74,21.29:20,13.9:14,17.63:18,17.57:20,42.05:35,14.88:12
22.08:14,41.15:48,45.31:36,24.55:26,21.61:24,5.85:6,18.48:19,23.73:19,20.68:24,20.26:22,9.1:10,33.84:36,9.1:10,21.79:24,20.02:21,11.98:15,22.56:23,53.13:43,41.08:47,12.28:16,34.52:37,29.37:20,38.54:43,10.08:10,9.19:10,30.36:31,13.17:19,30.38:35,18.73:12,35.99:36,29.37:20,11.39:15,16.93:19,24.25:16,41.11:47,39.01:30,19.21:22,30.47:32,39.51:43,17.66:20,45.25:33,20.46:22,11.0:15,47.64:38,26.85:18,26.41:29,47.7:48,30.86:23,32.93:32,26.03:30,30.82:22,11.0:15,31.09:31,25.1:17,26.86:30,27.91:30,39.14:28,38.81:29,48.45:36,10.38:16,24.15:28,20.33:22,39.74:31,40.8:47,8.83:13,21.6:14,26.95:18,18.54:19,22.55:26,34.12:30,22.02:17,5.41:5,26.04:29,26.7:31,9.23:10,28.38:30,21.73:22,24.25:16,0:0,78.11:63,43.51:30,36.12:24,39.85:28,23.62:26,32.75:35,21.53:14
95.88:73,62.02:58,119.11:95,85.05:83,92.84:84,83.43:69,100.26:79,97.53:78,62.01:60,91.5:81,74.67:65,90.13:92,75.12:67,87.9:74,91.25:81,70.06:66,78.85:78,126.94:101,62.78:59,70.35:67,89.75:75,103.17:79,78.46:66,77.63:68,75.04:66,86.65:87,100.64:75,66.52:57,92.53:70,73.09:62,103.17:79,77.48:73,94.42:80,98.06:74,62.36:58,112.81:88,96.7:83,85.86:71,100.45:96,91.64:79,119.05:92,91.69:82,88.57:78,121.44:97,100.66:76,112.96:84,111.23:106,104.67:82,88.87:83,85.04:73,104.62:81,88.57:78,74.41:73,98.9:76,83.94:71,91.35:78,112.94:86,112.61:88,122.25:95,87.96:78,72.75:64,91.57:82,113.55:89,62.16:58,86.41:75,95.4:73,100.75:76,100.15:78,100.05:87,58.26:55,95.82:75,82.98:68,101.95:86,102.41:84,74.82:65,80.35:66,99.22:83,98.06:74,77.57:62,0:0,117.31:89,109.92:83,113.66:87,101.11:87,88.14:73,95.33:73
34.17:26,70.92:58,21.56:19,42.57:40,36.01:31,40.43:35,28.73:25,27.49:25,64.83:48,37.07:33,47.53:35,43.78:35,47.53:35,49.82:38,37.83:35,53.43:41,49.34:46,25.92:26,71.39:55,53.72:41,45.99:36,27.98:27,62.42:49,48.51:35,47.62:35,49.02:43,38.92:27,63.85:52,30.82:23,57.45:42,27.98:27,42.4:37,31.04:32,21.09:19,70.87:58,13.9:14,28.36:29,45.58:35,41.5:33,45.69:34,18.04:17,36.91:33,35.91:29,20.43:21,23.75:22,27.96:25,41.5:32,27.94:27,51.68:43,54.05:44,22.51:23,35.91:29,57.98:54,37.18:28,54.47:43,38.7:39,11.88:11,3.48:6,19.05:18,36.67:29,57.63:45,37.14:33,2.13:3,70.56:57,37.92:34,33.68:25,17.77:16,28.62:24,32.11:29,61.79:56,25.79:22,40.67:36,30.22:28,29.01:25,47.66:35,51.29:39,25.78:25,21.09:19,43.17:29,116.0:87,0:0,9.3:10,9.18:13,25.14:25,49.64:39,33.61:25
26.87:20,63.62:52,30.1:24,39.77:42,38.77:34,33.14:30,21.43:19,20.2:19,57.54:42,34.58:35,40.23:29,52.32:41,40.24:29,42.52:32,35.2:36,46.13:35,53.69:41,32.9:32,64.1:50,46.43:35,38.69:30,20.68:21,55.12:43,41.22:29,40.32:29,51.78:46,31.62:22,56.56:46,23.52:17,50.16:36,20.68:21,35.1:31,29.84:28,13.79:13,63.58:52,22.43:20,29.2:28,38.29:30,50.03:39,38.4:28,26.57:22,34.42:35,28.61:23,28.96:27,16.45:16,20.67:19,50.04:38,20.64:21,53.46:47,46.76:38,15.21:17,28.61:23,62.23:50,29.89:22,47.17:38,31.41:33,20.42:17,12.92:13,24.96:24,29.38:24,50.33:39,34.65:35,9.47:11,63.27:51,30.63:28,26.39:19,10.48:10,21.32:19,29.48:32,54.5:50,18.49:17,33.37:30,22.93:22,21.71:19,40.37:29,44.0:33,23.74:25,13.79:13,35.87:23,108.71:81,9.23:10,0:0,4.43:6,25.99:25,42.34:33,26.32:20
30.57:23,67.32:56,33.8:28,43.47:46,42.47:38,36.84:33,25.13:23,23.9:23,61.24:45,38.28:39,43.93:32,56.02:44,43.94:32,46.22:36,38.9:40,49.83:38,57.39:45,36.6:35,67.8:53,50.12:39,42.39:34,24.38:25,58.82:47,44.92:32,44.02:33,55.48:50,35.32:25,60.26:49,27.22:21,53.86:39,24.38:25,38.8:34,33.54:31,17.49:17,67.28:55,26.13:24,32.9:32,41.99:33,53.73:42,42.1:32,30.27:26,38.12:38,32.31:27,32.66:31,20.15:19,24.37:22,53.74:41,24.34:25,57.15:51,50.46:42,18.91:21,32.31:27,65.93:53,33.59:26,50.87:41,35.11:37,24.12:20,16.62:16,28.66:27,33.08:27,54.03:43,38.35:39,13.17:14,66.97:54,34.33:31,30.09:23,14.18:14,25.02:22,33.18:36,58.2:54,22.19:20,37.07:34,26.63:25,25.41:22,44.07:33,47.7:37,27.44:29,17.49:17,39.57:27,112.41:85,12.92:13,4.48:6,0:0,29.69:28,46.04:37,30.02:23
24.17:24,64.93:63,17.17:17,15.08:20,10.4:13,22.8:26,11.1:14,19.58:23,41.99:44,9.9:13,24.64:26,23.33:23,24.64:26,40.12:37,10.52:14,33.3:35,21.84:27,28.78:28,64.86:63,33.59:36,50.13:48,21.86:27,56.87:56,22.85:24,24.73:26,27.17:25,29.22:26,54.16:50,20.76:21,54.32:49,21.86:27,28.42:34,6.17:7,17.71:20,64.88:63,16.6:18,3.49:4,48.8:45,24.83:25,35.99:33,23.96:22,9.73:13,25.92:27,26.46:27,19.5:24,34.19:36,28.95:26,22.26:28,28.84:26,44.36:42,26.33:26,25.92:27,30.48:35,27.48:27,45.19:42,43.66:38,16.81:17,19.55:21,27.7:26,26.68:28,47.93:44,9.97:13,21.19:21,64.58:62,25.78:32,23.69:23,14.96:16,11.16:14,3.77:8,47.87:52,17.87:20,22.62:25,41.17:36,43.55:36,24.77:26,46.71:43,3.99:4,17.71:20,24.87:26,100.57:86,23.91:25,25.92:25,29.66:29,0:0,51.08:48,23.62:24
25.52:29,29.39:30,63.04:56,54.16:57,53.06:51,27.17:29,41.46:40,30.96:36,38.17:40,52.56:50,41.36:45,64.32:63,41.36:45,12.08:13,53.18:51,30.98:35,54.82:57,70.86:62,29.87:27,30.57:35,5.81:11,28.59:31,14.95:17,42.34:45,41.45:45,62.62:65,22.72:22,28.56:25,32.06:29,15.93:14,28.59:31,23.54:25,48.93:43,41.98:36,29.35:30,56.73:49,48.81:44,5.21:7,70.97:70,15.75:17,62.98:53,52.4:50,23.57:25,65.37:58,33.58:39,27.54:26,79.4:67,30.53:30,65.19:67,13.6:16,40.24:34,23.57:25,63.35:65,24.77:27,11.67:15,10.46:15,56.87:47,54.04:43,66.08:54,25.34:28,26.93:28,52.63:51,50.59:41,29.04:29,25.65:27,25.85:29,49.68:36,41.35:40,52.15:48,38.91:36,35.35:34,27.4:29,21.45:23,21.91:22,41.49:45,8.5:11,49.59:45,41.98:36,35.2:38,87.91:73,50.34:40,42.96:34,46.69:38,51.47:48,0:0,25.95:30
1.63:3,39.61:45,36.13:32,35.52:32,25.86:27,7.1:12,14.26:16,9.86:13,25.21:30,25.36:26,27.72:20,37.12:38,27.73:20,14.8:19,25.98:27,18.79:24,36.16:33,43.95:39,39.54:44,18.38:23,27.53:31,13.33:12,31.56:37,28.7:20,27.81:21,40.96:41,4.87:9,28.84:32,4.86:5,29.0:31,13.33:12,9.52:13,21.73:19,15.07:12,39.56:45,29.82:26,21.61:20,23.48:27,43.77:46,10.68:15,36.07:30,25.19:26,3.03:6,38.46:34,17.67:14,18.12:19,52.49:43,14.82:15,42.63:42,19.04:24,14.71:17,3.03:6,44.8:41,9.06:9,19.87:24,20.23:21,29.96:24,29.63:26,39.27:32,3.79:6,22.61:25,25.43:26,30.56:27,39.26:44,5.05:10,2.72:3,17.77:14,14.15:16,24.95:24,28.91:33,8.15:10,7.34:12,17.75:19,18.41:20,27.86:21,21.39:24,22.39:20,15.07:12,23.36:15,96.2:73,34.33:26,26.94:20,30.67:24,24.27:24,25.77:29,0:0
